TIPO_DATO;CLASE_VIAL;DIRECCIÓN;NOMBRE_VIAL;NÚMERO 1;DISTRITO;LATITUD;LONGITUD
Contenedor de ropa;Calle;Calle Puerto de la Cruz Verde ;Puerto de la Cruz Verde ;1;Arganzuela;40,38450002;-3,686941289
Contenedor de ropa;Calle;Calle Puerto Bejar ;Puerto Bejar ;14;Arganzuela;40,38785969;-3,687759863
Contenedor de ropa;Calle;Calle Bronce ;Bronce ;32;Arganzuela;40,38795044;-3,690219677
Contenedor de ropa;Calle;Calle Teniente Coronel Noreña ;Teniente Coronel Noreña ;49;Arganzuela;40,38731006;-3,691849635
Contenedor de ropa;Calle;Calle Ricardo Damas;Ricardo Damas;4;Arganzuela;40,38548769;-3,692046944
Contenedor de ropa;Paseo;Paseo Molino ;Molino ;19;Arganzuela;40,39001009;-3,692449885
Contenedor de ropa;Calle;Calle Antracita ;Antracita ;14;Arganzuela;40,39103987;-3,688369557
Contenedor de ropa;Calle;Calle Parroco Eusebio Cuenca ;Parroco Eusebio Cuenca ;44;Arganzuela;40,3955003;-3,688969971
Contenedor de ropa;Calle;Calle Alicante ;Alicante ;14;Arganzuela;40,39432986;-3,691260449
Contenedor de ropa;Calle;Calle Del  Granito ;Del  Granito ;6;Arganzuela;40,3926398;-3,693510169
Contenedor de ropa;Paseo;Paseo Delicias ;Delicias ;123;Arganzuela;40,39283013;-3,69467037
Contenedor de ropa;Paseo;Paseo Paseo de la Chopera - Reloj;Paseo de la Chopera - Reloj;10;Arganzuela;40,39401973;-3,699089434
Contenedor de ropa;Calle;Calle Jaime El Conquistador;Jaime El Conquistador;33;Arganzuela;40,39441051;-3,698229778
Contenedor de ropa;Calle;Calle Fernando Poo ;Fernando Poo ;44;Arganzuela;40,39602972;-3,700269704
Contenedor de ropa;Paseo;Paseo Delicias ;Delicias ;38;Arganzuela;40,39793978;-3,693820255
Contenedor de ropa;Calle;Calle Embajadores ;Embajadores ;124;Arganzuela;40,39940033;-3,69857946
Contenedor de ropa;Calle;Calle Del Ferrocarril ;Del Ferrocarril ;25;Arganzuela;40,40073052;-3,696697609
Contenedor de ropa;Calle;Calle Palos de la Frontera ;Palos de la Frontera ;42;Arganzuela;40,40255009;-3,694059675
Contenedor de ropa;Paseo;Paseo Santa María de la Cabeza ;Santa María de la Cabeza ;33;Arganzuela;40,40461976;-3,695959437
Contenedor de ropa;Paseo;Paseo Santa María de la Cabeza;Santa María de la Cabeza;3;Arganzuela;40,40671023;-3,693799528
Contenedor de ropa;Calle;Calle General Lacy ;General Lacy ;14;Arganzuela;40,40453039;-3,690430254
Contenedor de ropa;Calle;Calle Ancora ;Ancora ;22;Arganzuela;40,40262987;-3,691419589
Contenedor de ropa;Calle;Calle Canarias ;Canarias ;54;Arganzuela;40,40159989;-3,689800491
Contenedor de ropa;Calle;Calle Bustamante ;Bustamante ;26;Arganzuela;40,40027875;-3,68707148
Contenedor de ropa;Calle;Calle Ramírez de Prado ;Ramírez de Prado ;7;Arganzuela;40,40027007;-3,686939882
Contenedor de ropa;Calle;Calle Mendez Alvaro  ;Mendez Alvaro  ;62;Arganzuela;40,39641983;-3,681569931
Contenedor de ropa;Calle;Calle Mendez Alvaro  ;Mendez Alvaro  ;74;Arganzuela;40,39410037;-3,679209972
Contenedor de ropa;Calle;Calle Estrella Denébola;Estrella Denébola;5;Arganzuela;40,39452995;-3,683669474
Contenedor de ropa;Paseo;Paseo Yeserias ;Yeserias ;41;Arganzuela;40,39773968;-3,706630554
Contenedor de ropa;Calle;Calle Arganda ;Arganda ;38;Arganzuela;40,40039044;-3,706730153
Contenedor de ropa;Paseo;Paseo Esperanza ;Esperanza ;47;Arganzuela;40,39898009;-3,702810235
Contenedor de ropa;Calle;Calle Ribera de Curtidores;Ribera de Curtidores;30;Arganzuela;40,40144979;-3,70260966
Contenedor de ropa;Calle;Calle Embajadores ;Embajadores ;75;Arganzuela;40,4032104;-3,700789569
Contenedor de ropa;Calle;Calle Martín de Vargas ;Martín de Vargas ;1;Arganzuela;40,40442984;-3,702930552
Contenedor de ropa;Calle;Calle Ronda de Toledo ;Ronda de Toledo ;36;Arganzuela;40,40523997;-3,704819858
Contenedor de ropa;Paseo;Paseo Esperanza ;Esperanza ;8;Arganzuela;40,40256042;-3,706189548
Contenedor de ropa;Calle;Calle Arganda;Arganda;18;Arganzuela;40,39865001;-3,70493967
Contenedor de ropa;Paseo;Paseo Juan Antonio Vallejo - Nájera Botas;Juan Antonio Vallejo - Nájera Botas;31;Arganzuela;40,4022798;-3,709939957
Contenedor de ropa;Calle;Calle Melilla ;Melilla ;10;Arganzuela;40,40194036;-3,710200361
Contenedor de ropa;Calle;Calle Carmen Cobeña ;Carmen Cobeña ;3;Arganzuela;40,40135031;-3,710779838
Contenedor de ropa;Paseo;Paseo Imperial ;Imperial ;87;Arganzuela;40,40153017;-3,715359929
Contenedor de ropa;Calle;Calle Toledo ;Toledo ;171;Arganzuela;40,40261019;-3,713199481
Contenedor de ropa;Calle;Calle Toledo ;Toledo ;122;Arganzuela;40,40579988;-3,712390518
Contenedor de ropa;Paseo;Paseo Olmos ;Olmos ;4;Arganzuela;40,40552035;-3,711259747
Contenedor de ropa;Paseo;Paseo Pontones ;Pontones ;14;Arganzuela;40,40451505;-3,717135209
Contenedor de ropa;Paseo;Paseo Pontones;Pontones;19;Arganzuela;40,40442995;-3,717870149
Contenedor de ropa;Paseo;Paseo Melancolicos ;Melancolicos ;43;Arganzuela;40,40544979;-3,720329903
Contenedor de ropa;Paseo;Paseo Imperial ;Imperial ;20;Arganzuela;40,40762052;-3,717359565
Contenedor de ropa;Paseo;Paseo Imperial ;Imperial ;12;Arganzuela;40,40904026;-3,717809528
Contenedor de ropa;Paseo;Paseo Melancolicos ;Melancolicos ;1;Arganzuela;40,40961031;-3,719149727
Contenedor de ropa;Calle;Calle Juan Duque ;Juan Duque ;25;Arganzuela;40,41154036;-3,719389493
Contenedor de ropa;Paseo;Paseo Virgen del Puerto ;Virgen del Puerto ;59;Arganzuela;40,40522132;-3,722034633
Contenedor de ropa;Paseo;Paseo Virgen Puerto ;Virgen Puerto ;11;Arganzuela;40,41312033;-3,720870179
Contenedor de ropa;Calle;Calle Plomo;Plomo;5;Arganzuela;40,39179148;-3,689581864
Contenedor de ropa;Calle;Calle Bolivar;Bolivar;13;Arganzuela;40,39242402;-3,691496999
Contenedor de ropa;Calle;Calle Sebastian El Cano;Sebastian El Cano;12;Arganzuela;40,40438998;-3,699983112
Contenedor de ropa;Calle;Calle Moratines;Moratines;15;Arganzuela;40,40290932;-3,70313381
Contenedor de ropa;Calle;Calle Embajadores;Embajadores;157;Arganzuela;40,39581016;-3,695599001
Contenedor de ropa;Calle;Calle Estrella Denébola;Estrella Denébola;8;Arganzuela;40,39572571;-3,684798154
Contenedor de ropa;Calle;Calle Planeta Tierra esq c/ Nereida;Planeta Tierra esq c/ Nereida;4;Arganzuela;40,39225644;-3,679309036
Contenedor de ropa;Calle;Calle Ronda de Segovia;Ronda de Segovia;20;Arganzuela;40,40840227;-3,716497271
Contenedor de ropa;Calle;Calle Cobos de Segovia;Cobos de Segovia;5;Arganzuela;40,40612671;-3,718957909
Contenedor de ropa;Calle;Calle Juan Antonio Vallejo - Nájera Botas;Juan Antonio Vallejo - Nájera Botas;59;Arganzuela;40,40389531;-3,715260402
Contenedor de ropa;Paseo;Paseo de la Chopera   ;de la Chopera   ;21;Arganzuela;40,39602972;-3,700269704
Contenedor de ropa;Paseo;Paseo Santa María de la Cabeza;Santa María de la Cabeza;3;Arganzuela;40,40671023;-3,693799528
Contenedor de ropa;Calle;Calle Embajadores;Embajadores;75;Arganzuela;40,40321431;-3,700873163
Contenedor de ropa;Calle;Calle Fray Luis de León;Fray Luis de León;10;Arganzuela;40,40424373;-3,698245111
Contenedor de ropa;Paseo;Paseo Melancolicos ;Melancolicos ;23;Arganzuela;40,40610258;-3,720388598
Contenedor de ropa;calle;calle Embajadores;Embajadores;294;Arganzuela;40,3851588;-3,688919372
Contenedor de ropa;calle;calle Algete;Algete;2;Arganzuela;40,38906687;-3,694428695
Contenedor de ropa;Paseo;Paseo Chopera;Chopera;39;Arganzuela;40,39464642;-3,699680947
Contenedor de ropa;Paseo;Paseo Alameda de Osuna;Alameda de Osuna;65;Barajas;40,4573;-3,59093
Contenedor de ropa;Plaza;Plaza Navio;Navio;4;Barajas;40,4552;-3,58754
Contenedor de ropa;Calle;Calle Pinos de Osuna;Pinos de Osuna;7;Barajas;40,4533;-3,59271
Contenedor de ropa;Calle;Calle Balandro;Balandro;37;Barajas;40,4544;-3,59051
Contenedor de ropa;Avenida;Avenida Logroño;Logroño;235;Barajas;40,4628;-3,58746
Contenedor de ropa;Avenida;Avenida General;General;34;Barajas;40,470306;-3,580859
Contenedor de ropa;Plaza;Plaza Mayor de Barajas;Mayor de Barajas;11;Barajas;40,473993;-3,577175
Contenedor de ropa;Calle;Calle Botica;Botica;7;Barajas;40,4744;-3,5785
Contenedor de ropa;Calle;Calle Ayerbe;Ayerbe;22;Barajas;40,470984;-3,57741
Contenedor de ropa;Avenida;Avenida Logroño;Logroño;132;Barajas;40,472672;-3,581572
Contenedor de ropa;Calle;Calle Alhaurín;Alhaurín;5;Barajas;40,4741;-3,5853
Contenedor de ropa;Calle;Calle Gran Poder;Gran Poder;35;Barajas;40,472455;-3,586129
Contenedor de ropa;Calle;Calle Playa del Sardinero;Playa del Sardinero;1;Barajas;40,47184;-3,5905
Contenedor de ropa;Calle;Calle Bahia de Malaga;Bahia de Malaga;18;Barajas;40,46767;-3,5951
Contenedor de ropa;Calle;Calle Bahia de Pollensa;Bahia de Pollensa;1;Barajas;40,46503;-3,5933
Contenedor de ropa;Calle;Calle Bahia de Cadiz;Bahia de Cadiz;20;Barajas;40,46076;-3,5937
Contenedor de ropa;Calle;Calle Alfonso Fernandez ;Alfonso Fernandez ;24;Carabanchel;40,36688048;-3,755290384
Contenedor de ropa;Calle;Calle Camino Viejo de Leganés ;Camino Viejo de Leganés ;154;Carabanchel;40,3808036;-3,73163359
Contenedor de ropa;Plaza;Plaza Coimbra;Coimbra;16;Carabanchel;40,38518025;-3,726670298
Contenedor de ropa;Plaza;Plaza Setúbal  ;Setúbal  ;11;Carabanchel;40,38333988;-3,724200048
Contenedor de ropa;Calle;Calle De Portalegre ;De Portalegre ;108;Carabanchel;40,3858398;-3,723640101
Contenedor de ropa;Calle;Calle Antonia Lancha ;Antonia Lancha ;54;Carabanchel;40,38598013;-3,722809823
Contenedor de ropa;Calle;Calle Vía Lusitana;Vía Lusitana;100;Carabanchel;40,38472034;-3,718379523
Contenedor de ropa;Calle;Calle De la Vía ;De la Vía ;15;Carabanchel;40,38603023;-3,719109761
Contenedor de ropa;Calle;Calle Portalegre;Portalegre;11;Carabanchel;40,38650982;-3,718769658
Contenedor de ropa;Calle;Calle Alejandro Sánchez ;Alejandro Sánchez ;100;Carabanchel;40,38925994;-3,717637057
Contenedor de ropa;Calle;Calle Mercedes Arteaga ;Mercedes Arteaga ;45;Carabanchel;40,39110984;-3,722819893
Contenedor de ropa;Calle;Calle Catorce Olivas ;Catorce Olivas ;1;Carabanchel;40,3659903;-3,740959469
Contenedor de ropa;Calle;Calle Antonio Leyva;Antonio Leyva;72;Carabanchel;40,39030979;-3,71602
Contenedor de ropa;Calle;Calle Blasa Pérez;Blasa Pérez;8;Carabanchel;40,39072018;-3,713320283
Contenedor de ropa;Calle;Calle Matilde Hernández;Matilde Hernández;5;Carabanchel;40,39262972;-3,71308946
Contenedor de ropa;Calle;Calle Antonio López ;Antonio López ;74;Carabanchel;40,39420021;-3,708660294
Contenedor de ropa;Paseo;Paseo San Illan;San Illan;35;Carabanchel;40,39556033;-3,708259783
Contenedor de ropa;Calle;Calle Antonio López ;Antonio López ;33;Carabanchel;40,39739021;-3,714679796
Contenedor de ropa;Calle;Calle Antonio de Leyva ;Antonio de Leyva ;18;Carabanchel;40,3946804;-3,715679809
Contenedor de ropa;Calle;Calle Jacinto Verdaguer ;Jacinto Verdaguer ;16;Carabanchel;40,39568991;-3,717199936
Contenedor de ropa;Calle;Calle Cidro ;Cidro ;5;Carabanchel;40,36815985;-3,745839491
Contenedor de ropa;Avenida;Avenida Oporto;Oporto;52;Carabanchel;40,38669036;-3,728359529
Contenedor de ropa;Calle;Calle Cidro ;Cidro ;5;Carabanchel;40,36815985;-3,745839491
Contenedor de ropa;Calle;Calle Jose del Rio;Jose del Rio;23;Carabanchel;40,39398;-3,731150511
Contenedor de ropa;Calle;Calle Fragata;Fragata;42;Carabanchel;40,39412003;-3,732370388
Contenedor de ropa;Calle;Calle Comandante Fontanes ;Comandante Fontanes ;8;Carabanchel;40,39533997;-3,721750435
Contenedor de ropa;Calle;Calle Vía Carpetana ;Vía Carpetana ;141;Carabanchel;40,39301002;-3,740870257
Contenedor de ropa;Calle;Calle Laguna ;Laguna ;115;Carabanchel;40,39147027;-3,742010427
Contenedor de ropa;Calle;Calle Las Clarisas ;Las Clarisas ;21;Carabanchel;40,39004968;-3,726809824
Contenedor de ropa;Avenida;Avenida Pedro Díez ;Pedro Díez ;1;Carabanchel;40,39058057;-3,729060075
Contenedor de ropa;Calle;Calle Julián González;Julián González;7;Carabanchel;40,39859978;-3,719239949
Contenedor de ropa;Calle;Calle Ontanilla ;Ontanilla ;25;Carabanchel;40,37541045;-3,731439785
Contenedor de ropa;Calle;Calle Patrimonio  Humanidad ;Patrimonio  Humanidad ;37;Carabanchel;40,3616902;-3,763270485
Contenedor de ropa;Calle;Calle Del Euro;Del Euro;27;Carabanchel;40,36618997;-3,747590385
Contenedor de ropa;Avenida;Avenida Peseta ;Peseta ;103;Carabanchel;40,36332021;-3,746669469
Contenedor de ropa;Avenida;Avenida Peseta ;Peseta ;62;Carabanchel;40,36209036;-3,756389928
Contenedor de ropa;Calle;Calle Patrimonio  Humanidad ;Patrimonio  Humanidad ;6;Carabanchel;40,36124998;-3,758839626
Contenedor de ropa;Calle;Calle Salvador Allende ;Salvador Allende ;22;Carabanchel;40,36386982;-3,757879677
Contenedor de ropa;Calle;Calle Verdad;Verdad;29;Carabanchel;40,39153986;-3,717129984
Contenedor de ropa;Calle;Calle Pinar de San José ;Pinar de San José ;50;Carabanchel;40,3628401;-3,766760183
Contenedor de ropa;Avenida;Avenida Peseta;Peseta;22;Carabanchel;40,36427968;-3,763230204
Contenedor de ropa;Calle;Calle Camino de las Cruces ;Camino de las Cruces ;17;Carabanchel;40,36967022;-3,759200263
Contenedor de ropa;Calle;Calle Laguna;Laguna;117;Carabanchel;40,39333984;-3,736060574
Contenedor de ropa;Avenida;Avenida Carabanchel Alto ;Carabanchel Alto ;90;Carabanchel;40,36787029;-3,753540561
Contenedor de ropa;Avenida;Avenida Carabanchel Alto ;Carabanchel Alto ;34;Carabanchel;40,37222991;-3,75200011
Contenedor de ropa;Calle;Calle Joaquin Turina ;Joaquin Turina ;15;Carabanchel;40,37294052;-3,752170564
Contenedor de ropa;Calle;Calle Ronda  de Don Bosco ;Ronda  de Don Bosco ;18;Carabanchel;40,37523543;-3,753065778
Contenedor de ropa;Calle;Calle Eugenia de Montijo ;Eugenia de Montijo ;87;Carabanchel;40,37498052;-3,750730216
Contenedor de ropa;Calle;Calle Eugenia de Montijo ;Eugenia de Montijo ;74;Carabanchel;40,37942637;-3,747023728
Contenedor de ropa;Parque;Parque Eugenia de Montijo ;Eugenia de Montijo ;38;Carabanchel;40,38224851;-3,742694547
Contenedor de ropa;Parque;Parque Eugenia de Montijo ;Eugenia de Montijo ;2;Carabanchel;40,37762023;-3,748500089
Contenedor de ropa;Avenida;Avenida Nuestr Sra de Fátima ;Nuestr Sra de Fátima ;98;Carabanchel;40,38113004;-3,748520085
Contenedor de ropa;Calle;Calle Nuestra Señora de la Luz ;Nuestra Señora de la Luz ;74;Carabanchel;40,38517;-3,74875
Contenedor de ropa;Calle;Calle Nuestra Señora de la Luz ;Nuestra Señora de la Luz ;12;Carabanchel;40,38321;-3,743249865
Contenedor de ropa;Calle;Calle Joaquin Turina ;Joaquin Turina ;74;Carabanchel;40,37228;-3,7595
Contenedor de ropa;Calle;Calle Vía Carpetana;Vía Carpetana;199;Carabanchel;40,38894969;-3,7440894
Contenedor de ropa;Avenida;Avenida Nuestra Señora de Fátima ;Nuestra Señora de Fátima ;16;Carabanchel;40,3869599;-3,743619796
Contenedor de ropa;Paseo;Paseo Marcelino Camacho;Marcelino Camacho;11;Carabanchel;40,38545057;-3,740580068
Contenedor de ropa;Avenida;Avenida Plaza de Toros ;Plaza de Toros ;3;Carabanchel;40,38542971;-3,737500161
Contenedor de ropa;Calle;Calle Blasòn ;Blasòn ;19;Carabanchel;40,38206051;-3,740429845
Contenedor de ropa;Calle;Calle De la Sombra ;De la Sombra ;13;Carabanchel;40,3795999;-3,741590375
Contenedor de ropa;Calle;Calle Federico Grases;Federico Grases;14;Carabanchel;40,37824045;-3,743130459
Contenedor de ropa;Avenida;Avenida Oporto;Oporto;6;Carabanchel;40,38534501;-3,719483486
Contenedor de ropa;Calle;Calle Belzunegui ;Belzunegui ;18;Carabanchel;40,37627052;-3,739420534
Contenedor de ropa;Calle;Calle María Odiaga ;María Odiaga ;58;Carabanchel;40,37570034;-3,744180401
Contenedor de ropa;calle;calle Antonia Rodriquez Sacristan;Antonia Rodriquez Sacristan;14;Carabanchel;40,37291832;-3,742977402
Contenedor de ropa;Calle;Calle Monseñor Óscar Romero ;Monseñor Óscar Romero ;32;Carabanchel;40,38156328;-3,743745763
Contenedor de ropa;calle;calle Vía Lusitana;Vía Lusitana;10;Carabanchel;40,38426251;-3,72068769
Contenedor de ropa;Calle;Calle Oca;Oca;13;Carabanchel;40,38909466;-3,738267331
Contenedor de ropa;Calle;Calle Valle de Oro;Valle de Oro;20;Carabanchel;40,38779519;-3,728552401
Contenedor de ropa;Avenida;Avenida Oporto;Oporto;15;Carabanchel;40,38513054;-3,722368598
Contenedor de ropa;Calle;Calle Santa Cruz de Marcenado;Santa Cruz de Marcenado;21;Centro;40,428952;-3,7106636
Contenedor de ropa;Plaza;Plaza Campillo del Mundo Nuevo;Campillo del Mundo Nuevo;3;Centro;40,40645;-3,70798
Contenedor de ropa;Calle;Calle Barceló;Barceló;6;Centro;40,42677;-3,69885
Contenedor de ropa;Calle;Calle Casino;Casino;3;Centro;40,40676;-3,70503
Contenedor de ropa;Calle;Calle Pradillo;Pradillo;33;Chamartín;40,449113;-3,6717244
Contenedor de ropa;Calle;Calle Puerto Rico;Puerto Rico;52;Chamartín;40,459135;-3,6741242
Contenedor de ropa;Avenida;Avenida Alfonso XIII;Alfonso XIII;128;Chamartín;40,458687;-3,6674913
Contenedor de ropa;Calle;Calle Corazón de María;Corazón de María;53;Chamartín;40,44692;-3,66608
Contenedor de ropa;Calle;Calle López de Hoyos;López de Hoyos;200;Chamartín;40,4487;-3,66754
Contenedor de ropa;Calle;Calle Clara del Rey;Clara del Rey;65;Chamartín;40,44715;-3,6682
Contenedor de ropa;Calle;Calle Clara del Rey;Clara del Rey;32;Chamartín;40,44147;-3,67152
Contenedor de ropa;Calle;Calle Clara del Rey;Clara del Rey;14;Chamartín;40,44364;-3,66833
Contenedor de ropa;Calle;Calle Cartagena;Cartagena;120;Chamartín;40,44063;-3,67416
Contenedor de ropa;Calle;Calle Jose Pla ;Jose Pla ;68;Chamartín;40,444;-3,677573
Contenedor de ropa;Plaza;Plaza Getafe;Getafe;1;Chamartín;40,44424;-3,67213
Contenedor de ropa;Calle;Calle López de Hoyos;López de Hoyos;166;Chamartín;40,44626;-3,67016
Contenedor de ropa;Calle;Calle Vinaroz;Vinaroz;1;Chamartín;40,44453;-3,67482
Contenedor de ropa;Calle;Calle Sánchez Pacheco;Sánchez Pacheco;35;Chamartín;40,44721;-3,67464
Contenedor de ropa;Calle;Calle Pradillo;Pradillo;4;Chamartín;40,448319;-3,67596
Contenedor de ropa;Calle;Calle Pradillo;Pradillo;33;Chamartín;40,44911;-3,67172
Contenedor de ropa;Avenida;Avenida Ramón y Cajal;Ramón y Cajal;67;Chamartín;40,45227;-3,66847
Contenedor de ropa;Calle;Calle Puerto Rico;Puerto Rico;1;Chamartín;40,45216;-3,67507
Contenedor de ropa;Calle;Calle Principe de Vergara;Principe de Vergara;205;Chamartín;40,44967;-3,67805
Contenedor de ropa;Avenida;Avenida Doctor Arce;Doctor Arce;32;Chamartín;40,44834;-3,679
Contenedor de ropa;Calle;Calle López de Hoyos;López de Hoyos;40;Chamartín;40,43958;-3,68151
Contenedor de ropa;Calle;Calle Pablo Aranda;Pablo Aranda;4;Chamartín;40,4419;-3,6854
Contenedor de ropa;Paseo;Paseo Habana;Habana;5;Chamartín;40,44814;-3,69012
Contenedor de ropa;Paseo;Paseo Habana;Habana;54;Chamartín;40,45098;-3,68648
Contenedor de ropa;Avenida;Avenida Santo Domingo de Silos;Santo Domingo de Silos;5;Chamartín;40,451466;-3,687864
Contenedor de ropa;Paseo;Paseo Habana;Habana;33;Chamartín;40,45262;-3,68585
Contenedor de ropa;Calle;Calle Padre Damian;Padre Damian;30;Chamartín;40,45638;-3,68642
Contenedor de ropa;Calle;Calle Doctor Fleming;Doctor Fleming;11;Chamartín;40,45633;-3,68854
Contenedor de ropa;Calle;Calle Carlos Maurras;Carlos Maurras;7;Chamartín;40,46149;-3,68803
Contenedor de ropa;Calle;Calle Doctor Fleming;Doctor Fleming;42;Chamartín;40,460731;-3,687709
Contenedor de ropa;Calle;Calle Padre Damián;Padre Damián;44;Chamartín;40,45952;-3,68516
Contenedor de ropa;Calle;Calle Apolonio Morales;Apolonio Morales;3;Chamartín;40,4635;-3,68413
Contenedor de ropa;Paseo;Paseo Habana;Habana;190;Chamartín;40,46173;-3,6806
Contenedor de ropa;Calle;Calle Felix Boix;Felix Boix;13;Chamartín;40,46336;-3,6859
Contenedor de ropa;Calle;Calle Conde de Torralba;Conde de Torralba;8;Chamartín;40,478716;-3,684738
Contenedor de ropa;Calle;Calle Mauricio Legendre;Mauricio Legendre;17;Chamartín;40,470871;-3,686483
Contenedor de ropa;Calle;Calle Mateo Inurria;Mateo Inurria;35;Chamartín;40,46759;-3,68159
Contenedor de ropa;Avenida;Avenida Burgos;Burgos;17;Chamartín;40,473353;-3,676099
Contenedor de ropa;Calle;Calle Pastora Imperio;Pastora Imperio;1;Chamartín;40,48098;-3,67466
Contenedor de ropa;Calle;Calle Buganvilla;Buganvilla;2;Chamartín;40,471516;-3,676413
Contenedor de ropa;Calle;Calle Dolores Sanchez Carrascosa;Dolores Sanchez Carrascosa;3;Chamartín;40,4679;-3,67868
Contenedor de ropa;Avenida;Avenida  Pio XII; Pio XII;43;Chamartín;40,4647;-3,67586
Contenedor de ropa;Avenida;Avenida Madre de Dios;Madre de Dios;2;Chamartín;40,462385;-3,674673
Contenedor de ropa;Avenida;Avenida Alfonso XIII;Alfonso XIII;182;Chamartín;40,46056;-3,67725
Contenedor de ropa;Calle;Calle Puerto Rico;Puerto Rico;52;Chamartín;40,45913;-3,67412
Contenedor de ropa;Calle;Calle Bolivia;Bolivia;14;Chamartín;40,45674;-3,67789
Contenedor de ropa;Calle;Calle Serrano;Serrano;203;Chamartín;40,45295;-3,68014
Contenedor de ropa;Calle;Calle Chile;Chile;24;Chamartín;40,457491;-3,675668
Contenedor de ropa;Calle;Calle Urugua;Urugua;35;Chamartín;40,4552;-3,67184
Contenedor de ropa;Avenida;Avenida Alfonso XIII;Alfonso XIII;91;Chamartín;40,45649;-3,66732
Contenedor de ropa;Avenida;Avenida Alfonso XIII;Alfonso XIII;128;Chamartín;40,45868;-3,66749
Contenedor de ropa;Calle;Calle Padre Claret;Padre Claret;13;Chamartín;40,446876;-3,664678
Contenedor de ropa;Calle;Calle Crucero 25 de mayo;Crucero 25 de mayo;11;Chamartín;40,463004;-3,671616
Contenedor de ropa;Calle;Calle Ricardo Ortiz;Ricardo Ortiz;10;Ciudad Lineal;40,429545;-3,658295
Contenedor de ropa;Calle;Calle Ricardo Ortiz;Ricardo Ortiz;60;Ciudad Lineal;40,424847;-3,657993
Contenedor de ropa;Avenida;Avenida Marques de Corbera;Marques de Corbera;18;Ciudad Lineal;40,423442;-3,654771
Contenedor de ropa;Calle;Calle Maria Teresa Saenz de Heredia;Maria Teresa Saenz de Heredia;18;Ciudad Lineal;40,42533;-3,65146
Contenedor de ropa;Calle;Calle Pablo Lafargue;Pablo Lafargue;12;Ciudad Lineal;40,421931;-3,653882
Contenedor de ropa;Calle;Calle  Santa Genoveva; Santa Genoveva;32;Ciudad Lineal;40,42362;-3,648995
Contenedor de ropa;Calle;Calle Poeta Blas de Otero;Poeta Blas de Otero;81;Ciudad Lineal;40,422965;-3,65146
Contenedor de ropa;Calle;Calle Santa Felicidad;Santa Felicidad;30;Ciudad Lineal;40,424576;-3,650541
Contenedor de ropa;Avenida;Avenida Marques de Corbera;Marques de Corbera;61;Ciudad Lineal;40,427031;-3,650197
Contenedor de ropa;Calle;Calle Ezequiel Solana;Ezequiel Solana;54;Ciudad Lineal;40,430388;-3,644649
Contenedor de ropa;Calle;Calle Elfo;Elfo;59;Ciudad Lineal;40,434095;-3,651598
Contenedor de ropa;Calle;Calle Virgen del Sagrario;Virgen del Sagrario;3;Ciudad Lineal;40,433915;-3,647581
Contenedor de ropa;Calle;Calle Hermanos Gomez;Hermanos Gomez;3;Ciudad Lineal;40,432435;-3,650223
Contenedor de ropa;Calle;Calle Collados;Collados;2;Ciudad Lineal;40,431037;-3,649851
Contenedor de ropa;Calle;Calle Urquiza;Urquiza;6;Ciudad Lineal;40,433576;-3,646032
Contenedor de ropa;Calle;Calle Alcalá;Alcalá;3;Ciudad Lineal;40,437447;-3,639124
Contenedor de ropa;Camino;Camino Institución Libre de Enseñanza;Institución Libre de Enseñanza;16;Ciudad Lineal;40,43632;-3,637043
Contenedor de ropa;Calle;Calle Vital Aza;Vital Aza;81;Ciudad Lineal;40,433785;-3,637693
Contenedor de ropa;Calle;Calle Vital Aza;Vital Aza;68;Ciudad Lineal;40,433273;-3,639141
Contenedor de ropa;Calle;Calle Vital Aza;Vital Aza;47;Ciudad Lineal;40,432331;-3,64111
Contenedor de ropa;Calle;Calle Esteban Collantes;Esteban Collantes;13;Ciudad Lineal;40,430922;-3,642135
Contenedor de ropa;Calle;Calle Ascao;Ascao;63;Ciudad Lineal;40,431841;-3,637049
Contenedor de ropa;Calle;Calle Ascao;Ascao;24;Ciudad Lineal;40,431453;-3,638914
Contenedor de ropa;Calle;Calle Ascao;Ascao;4;Ciudad Lineal;40,42995;-3,64129
Contenedor de ropa;Calle;Calle Gutierre de Cetina;Gutierre de Cetina;82;Ciudad Lineal;40,42793;-3,639716
Contenedor de ropa;Calle;Calle Ezequiel Solana;Ezequiel Solana;104;Ciudad Lineal;40,427028;-3,64209
Contenedor de ropa;Calle;Calle Ezequiel Solana;Ezequiel Solana;120;Ciudad Lineal;40,425857;-3,641356
Contenedor de ropa;Calle;Calle Fernando Gabriel;Fernando Gabriel;21;Ciudad Lineal;40,425088;-3,637274
Contenedor de ropa;Calle;Calle Luis Ruiz;Luis Ruiz;84;Ciudad Lineal;40,425247;-3,634303
Contenedor de ropa;Calle;Calle Gandhi;Gandhi;16;Ciudad Lineal;40,424729;-3,63735
Contenedor de ropa;Calle;Calle Barlovento;Barlovento;9;Ciudad Lineal;40,425716;-3,63139
Contenedor de ropa;Camino;Camino Institución Libre de Enseñanza;Institución Libre de Enseñanza;160;Ciudad Lineal;40,424033;-3,628337
Contenedor de ropa;Calle;Calle Idioma Esperanto;Idioma Esperanto;3;Ciudad Lineal;40,419598;-3,626154
Contenedor de ropa;Calle;Calle Jose Maria Rodero;Jose Maria Rodero;18;Ciudad Lineal;40,420686;-3,628555
Contenedor de ropa;Calle;Calle Villaescusa;Villaescusa;30;Ciudad Lineal;40,421647;-3,631768
Contenedor de ropa;Calle;Calle Apostol Santiago;Apostol Santiago;60;Ciudad Lineal;40,428489;-3,654641
Contenedor de ropa;Calle;Calle Jose del hierro;Jose del hierro;20;Ciudad Lineal;40,437979;-3,646841
Contenedor de ropa;Calle;Calle Jose del hierro;Jose del hierro;54;Ciudad Lineal;40,440557;-3,643166
Contenedor de ropa;Calle;Calle Estrecho de Corea;Estrecho de Corea;1;Ciudad Lineal;40,440314;-3,647805
Contenedor de ropa;Calle;Calle Carlota O'neill;Carlota O'neill;32;Ciudad Lineal;40,443838;-3,649035
Contenedor de ropa;Calle;Calle Arturo Soria;Arturo Soria;56;Ciudad Lineal;40,442995;-3,641581
Contenedor de ropa;Calle;Calle Matias Turrion;Matias Turrion;2;Ciudad Lineal;40,458824;-3,658635
Contenedor de ropa;Calle;Calle Arturo Soria;Arturo Soria;261;Ciudad Lineal;40,46362;-3,665077
Contenedor de ropa;Calle;Calle Manuel Uribe;Manuel Uribe;1;Ciudad Lineal;40,464388;-3,664512
Contenedor de ropa;Calle;Calle Mesena;Mesena;104;Ciudad Lineal;40,468169;-3,663409
Contenedor de ropa;Calle;Calle Caleruega;Caleruega;75;Ciudad Lineal;40,48337;-3,66933
Contenedor de ropa;Calle;Calle Caleruega;Caleruega;30;Ciudad Lineal;40,480362;-3,671396
Contenedor de ropa;Calle;Calle Caleruega;Caleruega;21;Ciudad Lineal;40,478648;-3,670664
Contenedor de ropa;Calle;Calle Eladio Lopez Vilches;Eladio Lopez Vilches;2;Ciudad Lineal;40,47377;-3,66592
Contenedor de ropa;Calle;Calle López de Hoyos;López de Hoyos;342;Ciudad Lineal;40,457144;-3,660719
Contenedor de ropa;Calle;Calle Arturo Baldasano;Arturo Baldasano;26;Ciudad Lineal;40,457054;-3,658068
Contenedor de ropa;Calle;Calle Rafael Bergamin;Rafael Bergamin;16;Ciudad Lineal;40,450713;-3,660747
Contenedor de ropa;Calle;Calle Torrelaguna;Torrelaguna;127;Ciudad Lineal;40,449065;-3,657575
Contenedor de ropa;Calle;Calle Cidamon;Cidamon;11;Ciudad Lineal;40,451228;-3,65671
Contenedor de ropa;Calle;Calle Arturo Soria;Arturo Soria;98;Ciudad Lineal;40,445602;-3,647013
Contenedor de ropa;Calle;Calle Torrecilla del puerto;Torrecilla del puerto;4;Ciudad Lineal;40,450151;-3,650505
Contenedor de ropa;Calle;Calle Virgen del Sagrario;Virgen del Sagrario;19;Ciudad Lineal;40,43767;-3,650614
Contenedor de ropa;Calle;Calle Virgen del Portillo;Virgen del Portillo;8;Ciudad Lineal;40,43679;-3,652478
Contenedor de ropa;Calle;Calle Virgen del Val;Virgen del Val;10;Ciudad Lineal;40,436561;-3,654519
Contenedor de ropa;Calle;Calle Virgen de Lourdes;Virgen de Lourdes;30;Ciudad Lineal;40,435952;-3,656885
Contenedor de ropa;Calle;Calle Virgen de la Alegria;Virgen de la Alegria;12;Ciudad Lineal;40,433263;-3,657472
Contenedor de ropa;Calle;Calle Virgen de Africa;Virgen de Africa;38;Ciudad Lineal;40,440523;-3,655159
Contenedor de ropa;Avenida;Avenida Badajoz;Badajoz;24;Ciudad Lineal;40,441547;-3,655093
Contenedor de ropa;Calle;Calle Torrelaguna;Torrelaguna;69;Ciudad Lineal;40,442177;-3,652999
Contenedor de ropa;Avenida;Avenida Daroca;Daroca;108;Ciudad Lineal;40,418739;-3,631406
Contenedor de ropa;Calle;Calle Francisco Rioja;Francisco Rioja;14;Ciudad Lineal;40,42983;-3,63831
Contenedor de ropa;Calle;Calle San Maximiliano;San Maximiliano;26;Ciudad Lineal;40,424716;-3,654067
Contenedor de ropa;Calle;Calle Nuestra Señora de Villar;Nuestra Señora de Villar;6;Ciudad Lineal;40,42286;-3,6516
Contenedor de ropa;Calle;Calle Torrelaguna;Torrelaguna;35;Ciudad Lineal;40,442015;-3,653051
Contenedor de ropa;Calle;Calle Torrelaguna;Torrelaguna;5;Ciudad Lineal;40,440645;-3,650367
Contenedor de ropa;Calle;Calle Julian Hernandez;Julian Hernandez;19;Ciudad Lineal;40,455045;-3,651713
Contenedor de ropa;Avenida;Avenida Badajoz;Badajoz;13;Ciudad Lineal;40,443303;-3,652951
Contenedor de ropa;Calle;Calle Agastia;Agastia;31;Ciudad Lineal;40,446178;-3,651933
Contenedor de ropa;Calle;Calle Donostiarra;Donostiarra;23;Ciudad Lineal;40,434885;-3,656692
Contenedor de ropa;Glorieta;Glorieta Pradera Vaquerizas;Pradera Vaquerizas;9;Fuencarral-El Pardo;40,490803;-3,7216524
Contenedor de ropa;Avenida;Avenida Monforte de Lemos;Monforte de Lemos;38;Fuencarral-El Pardo;40,478599;-3,7094762
Contenedor de ropa;Calle;Calle Fermín Caballero;Fermín Caballero;17;Fuencarral-El Pardo;40,486018;-3,7013421
Contenedor de ropa;Calle;Calle La Masó;La Masó;80;Fuencarral-El Pardo;40,484648;-3,7147313
Contenedor de ropa;Avenida;Avenida Monforte de Lemos;Monforte de Lemos;13;Fuencarral-El Pardo;40,478912;-3,6935052
Contenedor de ropa;Calle;Calle Buitrago de Lozoya;Buitrago de Lozoya;22;Fuencarral-El Pardo;40,47261;-3,7164676
Contenedor de ropa;Calle;Calle Mira El Rio;Mira El Rio;4;Fuencarral-El Pardo;40,519699;-3,7778586
Contenedor de ropa;Calle;Calle Ginzo de Limia;Ginzo de Limia;2;Fuencarral-El Pardo;40,475588;-3,7024605
Contenedor de ropa;Calle;Calle Nuria;Nuria;83;Fuencarral-El Pardo;40,494858;-3,7112287
Contenedor de ropa;Calle;Calle San Leandro;San Leandro;9;Fuencarral-El Pardo;40,5178864;-3,7756893
Contenedor de ropa;Calle;Calle San Cugat del Valles;San Cugat del Valles;8;Fuencarral-El Pardo;40,49689;-3,6953
Contenedor de ropa;Calle;Calle Úbeda;Úbeda;6;Fuencarral-El Pardo;40,482249;-3,7165229
Contenedor de ropa;Calle;Calle Mota del Cuervo;Mota del Cuervo;21;Hortaleza;40,46538;-3,63066
Contenedor de ropa;Calle;Calle Provencio;Provencio;20;Hortaleza;40,46532;-3,62851
Contenedor de ropa;Calle;Calle Tribaldos;Tribaldos;2;Hortaleza;40,46734;-3,63292
Contenedor de ropa;Calle;Calle Chaparral;Chaparral;16;Hortaleza;40,47072;-3,63571
Contenedor de ropa;Avenida;Avenida Chiquinquira ;Chiquinquira ;2;Hortaleza;40,471997;-3,636474
Contenedor de ropa;Calle;Calle Manizales;Manizales;30;Hortaleza;40,47438;-3,63632
Contenedor de ropa;Avenida;Avenida Avd, Barranquilla ;Avd, Barranquilla ;11;Hortaleza;40,474647;-3,640131
Contenedor de ropa;Calle;Calle Santa Virgilia;Santa Virgilia;15;Hortaleza;40,47683;-3,64201
Contenedor de ropa;Calle;Calle Santa Susana;Santa Susana;39;Hortaleza;40,47809;-3,64721
Contenedor de ropa;Calle;Calle Santa Susana;Santa Susana;6;Hortaleza;40,47609;-3,64666
Contenedor de ropa;Calle;Calle Mar Menor;Mar Menor;13;Hortaleza;40,47432;-3,6436
Contenedor de ropa;Calle;Calle Mar de Antillas;Mar de Antillas;10;Hortaleza;40,47535;-3,645793
Contenedor de ropa;Calle;Calle Estrecho de ormuz;Estrecho de ormuz;13;Hortaleza;40,47095;-3,6432
Contenedor de ropa;Avenida;Avenida Gran Via de Hortaleza;Gran Via de Hortaleza;84;Hortaleza;40,46853;-3,64539
Contenedor de ropa;Calle;Calle Javier de quinto;Javier de quinto;12;Hortaleza;40,46666;-3,64184
Contenedor de ropa;Calle;Calle Emigrantes;Emigrantes;13;Hortaleza;40,4677;-3,63796
Contenedor de ropa;Carretera;Carretera Canillas;Canillas;121;Hortaleza;40,46546;-3,63757
Contenedor de ropa;Calle;Calle Torquemada;Torquemada;10;Hortaleza;40,46595;-3,63944
Contenedor de ropa;Carretera;Carretera Canillas;Canillas;47;Hortaleza;40,46368;-3,64658
Contenedor de ropa;Calle;Calle Pegaso;Pegaso;2;Hortaleza;40,462967;-3,649095
Contenedor de ropa;Calle;Calle Puerto de Santa María;Puerto de Santa María;14;Hortaleza;40,454883;-3,650893
Contenedor de ropa;Calle;Calle Moscatelas;Moscatelas;10;Hortaleza;40,45715;-3,64936
Contenedor de ropa;Calle;Calle Carril del Conde;Carril del Conde;61;Hortaleza;40,46085;-3,65392
Contenedor de ropa;Calle;Calle Andorra;Andorra;41;Hortaleza;40,45997;-3,64582
Contenedor de ropa;Calle;Calle Calanda;Calanda;28;Hortaleza;40,46212;-3,64248
Contenedor de ropa;Calle;Calle Alcorisa;Alcorisa;21;Hortaleza;40,46257;-3,64084
Contenedor de ropa;Calle;Calle Silvano;Silvano;77;Hortaleza;40,46307;-3,63689
Contenedor de ropa;Calle;Calle Silvano;Silvano;150;Hortaleza;40,46249;-3,62905
Contenedor de ropa;Calle;Calle Tomás Redondo ;Tomás Redondo ;8;Hortaleza;40,470194;-3,627874
Contenedor de ropa;Avenida;Avenida Niceto Alcala Zamora;Niceto Alcala Zamora;48;Hortaleza;40,49879;-3,65557
Contenedor de ropa;Estación;Estación Santa Adela;Santa Adela;36;Hortaleza;40,479187;-3,647425
Contenedor de ropa;Estación;Estación Ctra Hortaleza ;Ctra Hortaleza ;11;Hortaleza;40,478915;-3,653124
Contenedor de ropa;Avenida;Avenida Virgen del Carmén;Virgen del Carmén;9;Hortaleza;40,47379;-3,65454
Contenedor de ropa;Calle;Calle Luis Buitrago;Luis Buitrago;15;Hortaleza;40,47385;-3,65126
Contenedor de ropa;Avenida;Avenida Virgen del Carmén;Virgen del Carmén;34;Hortaleza;40,47517;-3,65079
Contenedor de ropa;Calle;Calle López de hoyos;López de hoyos;478;Hortaleza;40,47144;-3,64976
Contenedor de ropa;Calle;Calle López de hoyos;López de hoyos;353;Hortaleza;40,46971;-3,65207
Contenedor de ropa;Calle;Calle López de hoyos;López de hoyos;442;Hortaleza;40,46747;-3,65398
Contenedor de ropa;Calle;Calle Ángel Luis de la herran;Ángel Luis de la herran;31;Hortaleza;40,47001;-3,65004
Contenedor de ropa;Calle;Calle Ángel Luis de la herran;Ángel Luis de la herran;40;Hortaleza;40,470247;-3,647633
Contenedor de ropa;Calle;Calle Carrión de los condes;Carrión de los condes;73;Hortaleza;40,47601;-3,65805
Contenedor de ropa;Calle;Calle Cuevas de Almanzora;Cuevas de Almanzora;171;Hortaleza;40,47646;-3,65898
Contenedor de ropa;Calle;Calle Monovar;Monovar;9;Hortaleza;40,47661;-3,65679
Contenedor de ropa;Calle;Calle Jazmín;Jazmín;12;Hortaleza;40,47673;-3,66757
Contenedor de ropa;Calle;Calle Velez Blanco;Velez Blanco;32;Hortaleza;40,47769;-3,66207
Contenedor de ropa;Calle;Calle Velez Rubio;Velez Rubio;1;Hortaleza;40,47672;-3,66324
Contenedor de ropa;Avenida;Avenida Espliego;Espliego;25;Hortaleza;40,4753527;-3,6655843
Contenedor de ropa;Calle;Calle Arturo Soria;Arturo Soria;330;Hortaleza;40,4803;-3,66648
Contenedor de ropa;Avenida;Avenida Manoteras;Manoteras;50;Hortaleza;40,48656;-3,66199
Contenedor de ropa;Avenida;Avenida Francisco Pi y Margall  ;Francisco Pi y Margall  ;1;Hortaleza;40,48865;-3,65729
Contenedor de ropa;Avenida;Avenida Pi y Margall;Pi y Margall;81;Hortaleza;40,49225;-3,66323
Contenedor de ropa;Calle;Calle Principe Carlos;Principe Carlos;19;Hortaleza;40,49324;-3,65609
Contenedor de ropa;Calle;Calle Princesa de Éboli;Princesa de Éboli;62;Hortaleza;40,49601;-3,65553
Contenedor de ropa;Calle;Calle Ana de Austria;Ana de Austria;73;Hortaleza;40,50033;-3,65466
Contenedor de ropa;Calle;Calle Principe Carlos;Principe Carlos;22;Hortaleza;40,48802;-3,65045
Contenedor de ropa;Avenida;Avenida Fuerzas Armadas;Fuerzas Armadas;207;Hortaleza;40,48337;-3,62781
Contenedor de ropa;Calle;Calle Camino alto de Hortaleza;Camino alto de Hortaleza;6;Hortaleza;40,47487;-3,62795
Contenedor de ropa;Avenida;Avenida Machupichu;Machupichu;73;Hortaleza;40,46061;-3,63307
Contenedor de ropa;Avenida;Avenida Machupichu;Machupichu;35;Hortaleza;40,4608;-3,62925
Contenedor de ropa;Calle;Calle Camelias;Camelias;7;Hortaleza;40,45174;-3,61867
Contenedor de ropa;Calle;Calle Petunias;Petunias;45;Hortaleza;40,4535;-3,61913
Contenedor de ropa;Avenida;Avenida Arces y Boj;Arces y Boj;5;Hortaleza;40,455723;-3,617834
Contenedor de ropa;Calle;Calle Camarena;Camarena;10;Latina;40,395546;-3,7562433
Contenedor de ropa;Calle;Calle Valmojado;Valmojado;55;Latina;40,397017;-3,7558356
Contenedor de ropa;Calle;Calle Serradilla c/v Mirabel;Serradilla c/v Mirabel;13;Latina;40,378789;-3,781949
Contenedor de ropa;Carretera;Carretera Boadilla del Monte;Boadilla del Monte;40;Latina;40,399685;-3,7747433
Contenedor de ropa;Calle;Calle Pericles;Pericles;6;Latina;40,409373;-3,7299039
Contenedor de ropa;Calle;Calle Rafael Finat;Rafael Finat;47;Latina;40,379633;-3,7689296
Contenedor de ropa;Avenida;Avenida Águilas;Águilas;14;Latina;40,383081;-3,7721144
Contenedor de ropa;Calle;Calle Olivillo;Olivillo;4;Latina;40,406559;-3,7458896
Contenedor de ropa;Calle;Calle Gallur;Gallur;2;Latina;40,398668;-3,7358923
Contenedor de ropa;Calle;Calle Fuente del Tiro;Fuente del Tiro;72;Latina;40,382991;-3,7800773
Contenedor de ropa;Calle;Calle Rodrigo de Arana;Rodrigo de Arana;50;Latina;40,37943;-3,7655935
Contenedor de ropa;Avenida;Avenida Nuestra Señora de Valvanera;Nuestra Señora de Valvanera;120;Latina;40,393678;-3,7414702
Contenedor de ropa;Avenida;Avenida Caprichos;Caprichos;1;Latina;40,405886;-3,728511
Contenedor de ropa;Calle;Calle Fuerte de Navidad;Fuerte de Navidad;11;Latina;40,381062;-3,7653999
Contenedor de ropa;Avenida;Avenida Águilas;Águilas;114;Latina;40,381104;-3,7806799
Contenedor de ropa;Avenida;Avenida Poblados;Poblados;62;Latina;40,38491;-3,76121
Contenedor de ropa;Calle;Calle Ángel Sain Briz;Ángel Sain Briz;1;Latina;40,40059616;-3,735608896
Contenedor de ropa;Calle;Calle Francos Rodríguez;Francos Rodríguez;100;Moncloa-Aravaca;40,45843;-3,7121064
Contenedor de ropa;Calle;Calle Antonio Machado;Antonio Machado;20;Moncloa-Aravaca;40,466672;-3,7195421
Contenedor de ropa;Paseo;Paseo Rey;Rey;34;Moncloa-Aravaca;40,42516643;-3,72257642
Contenedor de ropa;Calle;Calle Arroyo de Pozuelo;Arroyo de Pozuelo;99;Moncloa-Aravaca;40,451917;-3,7830673
Contenedor de ropa;Calle;Calle Antonio Machado;Antonio Machado;12;Moncloa-Aravaca;40,46599;-3,7190866
Contenedor de ropa;Avenida;Avenida Santo Angel de la Guarda;Santo Angel de la Guarda;6;Moncloa-Aravaca;40,460935;-3,7119323
Contenedor de ropa;Calle;Calle Santa Pola;Santa Pola;22;Moncloa-Aravaca;40,432176;-3,736847
Contenedor de ropa;Calle;Calle San Restituto;San Restituto;24;Moncloa-Aravaca;40,46507;-3,71202
Contenedor de ropa;Paseo;Paseo Senda Del Rey;Senda Del Rey;20;Moncloa-Aravaca;40,451758;-3,740127
Contenedor de ropa;Calle;Calle Encomienda de Palacios;Encomienda de Palacios;332;Moratalaz;40,397466;-3,635498
Contenedor de ropa;Calle;Calle Fuente Carrantona;Fuente Carrantona;8;Moratalaz;40,398577;-3,63715
Contenedor de ropa;Calle;Calle Fuente Carrantona;Fuente Carrantona;10;Moratalaz;40,39927;-3,636741
Contenedor de ropa;Calle;Calle Tacona;Tacona;71;Moratalaz;40,397996;-3,640157
Contenedor de ropa;Calle;Calle Encomienda de Palacios;Encomienda de Palacios;190;Moratalaz;40,399017;-3,641867
Contenedor de ropa;Calle;Calle Encomienda de Palacios;Encomienda de Palacios;156;Moratalaz;40,400005;-3,64204
Contenedor de ropa;Calle;Calle Encomienda de Palacios;Encomienda de Palacios;8;Moratalaz;40,40068;-3,646045
Contenedor de ropa;Calle;Calle Corregidor Juan Francisco de Lujan;Corregidor Juan Francisco de Lujan;85;Moratalaz;40,401761;-3,646199
Contenedor de ropa;Calle;Calle Corregidor Alonso de Tobar;Corregidor Alonso de Tobar;8;Moratalaz;40,40327;-3,648471
Contenedor de ropa;Calle;Calle Hacienda de Pavones;Hacienda de Pavones;4;Moratalaz;40,405154;-3,650653
Contenedor de ropa;Calle;Calle Arroyo Belincoso;Arroyo Belincoso;11;Moratalaz;40,4098;-3,65294
Contenedor de ropa;Calle;Calle Camino de Vinateros;Camino de Vinateros;104;Moratalaz;40,409999;-3,650886
Contenedor de ropa;Calle;Calle Marroquina;Marroquina;26;Moratalaz;40,407726;-3,64903
Contenedor de ropa;Calle;Calle Entre Arroyos;Entre Arroyos;33;Moratalaz;40,40863;-3,65449
Contenedor de ropa;Calle;Calle Arroyo de la Media Legua;Arroyo de la Media Legua;1;Moratalaz;40,40767;-3,658087
Contenedor de ropa;Calle;Calle Corregidor Diego de Valderrabano;Corregidor Diego de Valderrabano;10;Moratalaz;40,409517;-3,65983
Contenedor de ropa;Calle;Calle Corregidor Diego de Valderrabano;Corregidor Diego de Valderrabano;25;Moratalaz;40,412111;-3,658053
Contenedor de ropa;Camino;Camino Vinateros;Vinateros;9;Moratalaz;40,410828;-3,657274
Contenedor de ropa;Calle;Calle Alcalde Garrido Juaristi;Alcalde Garrido Juaristi;17;Moratalaz;40,415786;-3,655636
Contenedor de ropa;Calle;Calle Arroyo de la Media Legua;Arroyo de la Media Legua;58;Moratalaz;40,411392;-3,654662
Contenedor de ropa;Calle;Calle Marroquina;Marroquina;70;Moratalaz;40,409489;-3,646966
Contenedor de ropa;Avenida;Avenida Moratalaz;Moratalaz;130;Moratalaz;40,406445;-3,646734
Contenedor de ropa;Avenida;Avenida Moratalaz;Moratalaz;150;Moratalaz;40,407302;-3,647541
Contenedor de ropa;Avenida;Avenida Moratalaz;Moratalaz;191;Moratalaz;40,409308;-3,643112
Contenedor de ropa;Calle;Calle Antonio Cumella;Antonio Cumella;10;Moratalaz;40,410458;-3,636165
Contenedor de ropa;Calle;Calle Merida;Merida;4;Moratalaz;40,407448;-3,636666
Contenedor de ropa;Calle;Calle Luis de Hoyos Sainz;Luis de Hoyos Sainz;76;Moratalaz;40,404789;-3,637517
Contenedor de ropa;Calle;Calle Pico de los Artilleros;Pico de los Artilleros;82;Moratalaz;40,4074;-3,639716
Contenedor de ropa;Calle;Calle Hacienda de Pavones;Hacienda de Pavones;224;Moratalaz;40,401651;-3,639692
Contenedor de ropa;Calle;Calle Cañada;Cañada;36;Moratalaz;40,405389;-3,644412
Contenedor de ropa;Calle;Calle Hacienda de Pavones;Hacienda de Pavones;231;Moratalaz;40,400399;-3,634234
Contenedor de ropa;Calle;Calle Valdebernardo;Valdebernardo;27;Moratalaz;40,400992;-3,631843
Contenedor de ropa;Calle;Calle Luis de Hoyos Sainz;Luis de Hoyos Sainz;170;Moratalaz;40,403817;-3,629083
Contenedor de ropa;Calle;Calle Cañon del Rio lobos;Cañon del Rio lobos;6;Moratalaz;40,406089;-3,629022
Contenedor de ropa;Avenida;Avenida Moratalaz;Moratalaz;37;Moratalaz;40,407393;-3,659103
Contenedor de ropa;Calle;Calle Doctor Garcia Tapias;Doctor Garcia Tapias;122;Moratalaz;40,406316;-3,601658
Contenedor de ropa;Calle;Calle fuente carrantona;fuente carrantona;38;Moratalaz;40,41006;-3,629635
Contenedor de ropa;Calle;Calle Pico de los Artilleros;Pico de los Artilleros;152;Moratalaz;40,403662;-3,643027
Contenedor de ropa;Calle;Calle Santanderina ;Santanderina ;7;Puente Vallecas;40,3736499;-3,659250444
Contenedor de ropa;Avenida;Avenida Entrevias ;Entrevias ;88;Puente Vallecas;40,37842011;-3,664779485
Contenedor de ropa;Calle;Calle Barros;Barros;4;Puente Vallecas;40,37678073;-3,668368951
Contenedor de ropa;Calle;Calle Ronda del Sur ;Ronda del Sur ;4;Puente Vallecas;40,37768989;-3,673890151
Contenedor de ropa;Calle;Calle Los Pedroches;Los Pedroches;9;Puente Vallecas;40,3804705;-3,67443974
Contenedor de ropa;Calle;Calle Conde Rodríguez San Pedro ;Conde Rodríguez San Pedro ;60;Puente Vallecas;40,38336031;-3,670309816
Contenedor de ropa;Calle;Calle Puerto de Morcuera ;Puerto de Morcuera ;17;Puente Vallecas;40,38385058;-3,667319887
Contenedor de ropa;Calle;Calle Sierra Carbonera ;Sierra Carbonera ;74;Puente Vallecas;40,39032034;-3,665229928
Contenedor de ropa;Calle;Calle Arroyo del Olivar ;Arroyo del Olivar ;110;Puente Vallecas;40,3894605;-3,656150342
Contenedor de ropa;Calle;Calle Buenos Aires ;Buenos Aires ;28;Puente Vallecas;40,3864105;-3,653360294
Contenedor de ropa;Calle;Calle Buenos Aires ;Buenos Aires ;95;Puente Vallecas;40,38026011;-3,652379629
Contenedor de ropa;Avenida;Avenida Pablo Neruda ;Pablo Neruda ;89;Puente Vallecas;40,38125031;-3,660299978
Contenedor de ropa;Avenida;Avenida Pablo Neruda ;Pablo Neruda ;132;Puente Vallecas;40,38169007;-3,656799465
Contenedor de ropa;Avenida;Avenida Pablo Neruda ;Pablo Neruda ;26;Puente Vallecas;40,38462992;-3,656449838
Contenedor de ropa;Calle;Calle Javier de Miguel ;Javier de Miguel ;42;Puente Vallecas;40,3864797;-3,658789968
Contenedor de ropa;Calle;Calle Miguel Hernández ;Miguel Hernández ;118;Puente Vallecas;40,37938773;-3,65060921
Contenedor de ropa;Calle;Calle Rafael Alberti ;Rafael Alberti ;29;Puente Vallecas;40,38541988;-3,641709408
Contenedor de ropa;Avenida;Avenida Albufera ;Albufera ;250;Puente Vallecas;40,38852006;-3,641519685
Contenedor de ropa;Calle;Calle Rafael Fernandez Hijicos;Rafael Fernandez Hijicos;1;Puente Vallecas;40,39221043;-3,636749719
Contenedor de ropa;Calle;Calle Pont de Molins;Pont de Molins;5;Puente Vallecas;40,39280047;-3,654030043
Contenedor de ropa;Calle;Calle  José Paulette; José Paulette;43;Puente Vallecas;40,39408037;-3,654559701
Contenedor de ropa;Calle;Calle Ramón Perez de Ayala ;Ramón Perez de Ayala ;60;Puente Vallecas;40,39723056;-3,654610239
Contenedor de ropa;Calle;Calle Alto del León;Alto del León;12;Puente Vallecas;40,399411;-3,658575
Contenedor de ropa;Calle;Calle Sierra Toledana ;Sierra Toledana ;29;Puente Vallecas;40,40196981;-3,660390432
Contenedor de ropa;Calle;Calle Convenio  ;Convenio  ;39;Puente Vallecas;40,39061052;-3,67176024
Contenedor de ropa;Calle;Calle Picos de Europa ;Picos de Europa ;1;Puente Vallecas;40,39598294;-3,661522318
Contenedor de ropa;Calle;Calle Jose del Pino;Jose del Pino;26;Puente Vallecas;40,35065515;-3,691240105
Contenedor de ropa;Avenida;Avenida San Diego;San Diego;61;Puente Vallecas;40,38698957;-3,668279506
Contenedor de ropa;Avenida;Avenida Parque Palomeras Bajas;Parque Palomeras Bajas;14;Puente Vallecas;40,38006493;-3,662686694
Contenedor de ropa;Calle;Calle Mogambo ;Mogambo ;4;Puente Vallecas;40,37957076;-3,657005776
Contenedor de ropa;Paseo;Paseo Reina Cristina;Reina Cristina;24;Retiro;40,407269;-3,680789
Contenedor de ropa;Avenida;Avenida Menendez Pelayo;Menendez Pelayo;30;Retiro;40,405904;-3,679293
Contenedor de ropa;Calle;Calle Valderribas;Valderribas;27;Retiro;40,405292;-3,677103
Contenedor de ropa;Calle;Calle Abtao;Abtao;20;Retiro;40,405839;-3,675493
Contenedor de ropa;Calle;Calle Cavanilles;Cavanilles;27;Retiro;40,404717;-3,675625
Contenedor de ropa;Calle;Calle Sanchez Barcaiztegui;Sanchez Barcaiztegui;4;Retiro;40,404022;-3,674638
Contenedor de ropa;Calle;Calle Sanchez Barcaiztegui;Sanchez Barcaiztegui;23;Retiro;40,404054;-3,6747
Contenedor de ropa;Calle;Calle Leon Gil de Palacio;Leon Gil de Palacio;1;Retiro;40,402467;-3,676057
Contenedor de ropa;Calle;Calle Alfonso XI;Alfonso XI;15;Retiro;40,416816;-3,690305
Contenedor de ropa;Calle;Calle Tellez;Tellez;13;Retiro;40,403122;-3,678819
Contenedor de ropa;Calle;Calle Estrella Polar;Estrella Polar;19;Retiro;40,411155;-3,664187
Contenedor de ropa;Calle;Calle Seco;Seco;4;Retiro;40,399031;-3,672088
Contenedor de ropa;Calle;Calle Luis Mitjans;Luis Mitjans;41;Retiro;40,403907;-3,668894
Contenedor de ropa;Calle;Calle Doctor Esquerdo;Doctor Esquerdo;138;Retiro;40,405438;-3,670927
Contenedor de ropa;Calle;Calle Lira;Lira;8;Retiro;40,408425;-3,668829
Contenedor de ropa;Avenida;Avenida Mediterráneo;Mediterráneo;47;Retiro;40,406959;-3,668656
Contenedor de ropa;Calle ;Calle  Doctor Esquerdo;Doctor Esquerdo;155;Retiro;40,40926;-3,669844
Contenedor de ropa;Calle ;Calle  Cruz del Sur ;Cruz del Sur ;5;Retiro;40,411277;-3,668584
Contenedor de ropa;Calle ;Calle  Antonio Arias;Antonio Arias;2;Retiro;40,417923;-3,671579
Contenedor de ropa;Calle ;Calle  Estrella Polar;Estrella Polar;8;Retiro;40,410729;-3,666699
Contenedor de ropa;Calle ;Calle  Pez Austral;Pez Austral;15;Retiro;40,411181;-3,665836
Contenedor de ropa;Calle ;Calle  Pez Volador;Pez Volador;38;Retiro;40,414002;-3,663142
Contenedor de ropa;Calle ;Calle  Juan Esplandiu;Juan Esplandiu;2;Retiro;40,415995;-3,66487
Contenedor de ropa;Calle ;Calle  Marques de Lozoya;Marques de Lozoya;46;Retiro;40,416977;-3,664509
Contenedor de ropa;Calle ;Calle  Alcalde Sainz de Baranda;Alcalde Sainz de Baranda;91;Retiro;40,417432;-3,667532
Contenedor de ropa;Calle ;Calle  Doctor Esquerdo;Doctor Esquerdo;111;Retiro;40,414964;-3,669357
Contenedor de ropa;Calle ;Calle  Doctor Esquerdo;Doctor Esquerdo;60;Retiro;40,416779;-3,669436
Contenedor de ropa;Calle ;Calle  Ibiza;Ibiza;15;Retiro;40,418402;-3,677129
Contenedor de ropa;Calle ;Calle  Alcalde Sainz de Baranda;Alcalde Sainz de Baranda;38;Retiro;40,416787;-3,673526
Contenedor de ropa;Calle ;Calle  Narvaez;Narvaez;38;Retiro;40,420501;-3,676152
Contenedor de ropa;Calle ;Calle  Narvaez;Narvaez;74;Retiro;40,417155;-3,676479
Contenedor de ropa;Calle ;Calle  Pio Baroja;Pio Baroja;8;Retiro;40,413193;-3,674619
Contenedor de ropa;Calle ;Calle  Doce de Octubre;Doce de Octubre;19;Retiro;40,415913;-3,674991
Contenedor de ropa;Calle ;Calle  Antonio Diaz - Cañabate;Antonio Diaz - Cañabate;32;Retiro;40,407218;-3,673702
Contenedor de ropa;Avenida;Avenida Mediterráneo;Mediterráneo;15;Retiro;40,407365;-3,675665
Contenedor de ropa;Calle;Calle Reyes Magos ;Reyes Magos ;1;Retiro;40,40772;-3,67716
Contenedor de ropa;Calle;Calle Conde de Cartagena;Conde de Cartagena;2;Retiro;40,409273;-3,676892
Contenedor de ropa;Plaza;Plaza Mariano de Cavia;Mariano de Cavia;1;Retiro;40,407217;-3,678257
Contenedor de ropa;Calle;Calle Luis Peidro;Luis Peidro;2;Retiro;40,397;-3,67352
Contenedor de ropa;Calle;Calle  Maiquez; Maiquez;14;Salamanca;40,421674;-3,672951
Contenedor de ropa;Calle;Calle Lope de Rueda;Lope de Rueda;5;Salamanca;40,42326;-3,677258
Contenedor de ropa;Calle;Calle Jorge Juan;Jorge Juan;82;Salamanca;40,42316;-3,6753
Contenedor de ropa;Calle;Calle General Diaz Porlier;General Diaz Porlier;9;Salamanca;40,42532;-3,67747
Contenedor de ropa;Calle;Calle General Pardiñas;General Pardiñas;20;Salamanca;40,42531;-3,67858
Contenedor de ropa;Calle;Calle Goya;Goya;52;Salamanca;40,42476;-3,67829
Contenedor de ropa;Calle;Calle General Pardiñas;General Pardiñas;3;Salamanca;40,42386;-3,67884
Contenedor de ropa;Calle;Calle O'Donnell;O'Donnell;16;Salamanca;40,4214;-3,67701
Contenedor de ropa;Calle;Calle  Pedro Muñoz Seca; Pedro Muñoz Seca;1;Salamanca;40,420022;-3,691006
Contenedor de ropa;Calle;Calle Lagasca;Lagasca;51;Salamanca;40,42724;-3,685338
Contenedor de ropa;Calle;Calle Nuñez de Balboa;Nuñez de Balboa;33;Salamanca;40,42487;-3,6829
Contenedor de ropa;Calle;Calle Ayala;Ayala;42;Salamanca;40,427673;-3,684271
Contenedor de ropa;Calle;Calle Hermosilla;Hermosilla;57;Salamanca;40,42593;-3,67562
Contenedor de ropa;Calle;Calle Hermosilla;Hermosilla;95;Salamanca;40,42612;-3,68
Contenedor de ropa;Calle;Calle Montesa;Montesa;9;Salamanca;40,427387;-3,672445
Contenedor de ropa;Calle;Calle Fuente del Berro;Fuente del Berro;1;Salamanca;40,426719;-3,670647
Contenedor de ropa;Calle;Calle Goya;Goya;106;Salamanca;40,42437;-3,67034
Contenedor de ropa;Calle;Calle Jorge Juan;Jorge Juan;110;Salamanca;40,42282;-3,66725
Contenedor de ropa;Calle;Calle Peñascales;Peñascales;15;Salamanca;40,424103;-3,66669
Contenedor de ropa;Paseo;Paseo Marques de Zafra;Marques de Zafra;37;Salamanca;40,42577;-3,66386
Contenedor de ropa;Paseo;Paseo Marques de Zafra;Marques de Zafra;17;Salamanca;40,42654;-3,66642
Contenedor de ropa;Calle;Calle Marques de Zafra;Marques de Zafra;2;Salamanca;40,42499;-3,66266
Contenedor de ropa;Calle;Calle Alejandro Gonzalez;Alejandro Gonzalez;4;Salamanca;40,42996;-3,66388
Contenedor de ropa;Plaza;Plaza America Española;America Española;1;Salamanca;40,42894;-3,66279
Contenedor de ropa;Calle;Calle Sancho Davila;Sancho Davila;12;Salamanca;40,42789;-3,6622
Contenedor de ropa;Calle;Calle Doctor Gomez Ulla;Doctor Gomez Ulla;2;Salamanca;40,42884;-3,66809
Contenedor de ropa;Calle;Calle Julio Camba;Julio Camba;9;Salamanca;40,431684;-3,664407
Contenedor de ropa;Calle;Calle Cardenal Belluga;Cardenal Belluga;3;Salamanca;40,4302;-3,66519
Contenedor de ropa;Avenida;Avenida Toreros;Toreros;45;Salamanca;40,43245;-3,66666
Contenedor de ropa;Avenida;Avenida Toreros;Toreros;4;Salamanca;40,43174;-3,67094
Contenedor de ropa;Calle;Calle Ardemans;Ardemans;30;Salamanca;40,43419;-3,67179
Contenedor de ropa;Calle;Calle Ferrer del Rio;Ferrer del Rio;30;Salamanca;40,43544;-3,67076
Contenedor de ropa;Avenida;Avenida Camilo Jose Cela;Camilo Jose Cela;12;Salamanca;40,44103;-3,66645
Contenedor de ropa;Calle;Calle Breme;Breme;2;Salamanca;40,437422;-3,665602
Contenedor de ropa;Calle;Calle Martinez Izquierdo;Martinez Izquierdo;60;Salamanca;40,435101;-3,665331
Contenedor de ropa;Calle;Calle Brescia;Brescia;31;Salamanca;40,436794;-3,661999
Contenedor de ropa;Avenida;Avenida Bruselas;Bruselas;48;Salamanca;40,43808;-3,66331
Contenedor de ropa;Avenida;Avenida Bruselas;Bruselas;57;Salamanca;40,439725;-3,663258
Contenedor de ropa;Calle;Calle Berlin;Berlin;3;Salamanca;40,441467;-3,663362
Contenedor de ropa;Calle;Calle Cartagena;Cartagena;78;Salamanca;40,43795;-3,67196
Contenedor de ropa;Calle;Calle Coslada;Coslada;19;Salamanca;40,43832;-3,67342
Contenedor de ropa;Calle;Calle Bejar;Bejar;1;Salamanca;40,43519;-3,67459
Contenedor de ropa;Calle;Calle General Oraa;General Oraa;71;Salamanca;40,431618;-3,676868
Contenedor de ropa;Calle;Calle Maldonado;Maldonado;71;Salamanca;40,43356;-3,67453
Contenedor de ropa;Calle;Calle Juan Bravo;Juan Bravo;77;Salamanca;40,43216;-3,67296
Contenedor de ropa;Calle;Calle General Diaz Porlier;General Diaz Porlier;97;Salamanca;40,42532;-3,67747
Contenedor de ropa;Calle;Calle General Pardiñas;General Pardiñas;81;Salamanca;40,42531;-3,67858
Contenedor de ropa;Calle;Calle Juan Bravo;Juan Bravo;42;Salamanca;40,43216;-3,67296
Contenedor de ropa;Calle;Calle General Diaz Porlier;General Diaz Porlier;54;Salamanca;40,429699;-3,676708
Contenedor de ropa;Calle;Calle Castello;Castello;100;Salamanca;40,434474;-3,680573
Contenedor de ropa;Calle;Calle Nuñez de Balboa;Nuñez de Balboa;108;Salamanca;40,435559;-3,681808
Contenedor de ropa;Calle;Calle Juan Bravo;Juan Bravo;24;Salamanca;40,43245;-3,68224
Contenedor de ropa;Calle;Calle Castello;Castello;63;Salamanca;40,428657;-3,681381
Contenedor de ropa;Calle;Calle Jose Ortega y Gasset;Jose Ortega y Gasset;8;Salamanca;40,4303191;-3,6861154
Contenedor de ropa;Calle;Calle Jose Ortega y Gasset;Jose Ortega y Gasset;68;Salamanca;40,43007;-3,68205
Contenedor de ropa;Calle;Calle Jose Ortega y Gasset;Jose Ortega y Gasset;77;Salamanca;40,429946;-3,672647
Contenedor de ropa;Calle;Calle Alcalde Sainz de Baranda ;Alcalde Sainz de Baranda ;94;Salamanca;40,420666;-3,660305
Contenedor de ropa;Calle;Calle Ortega y Gasset;Ortega y Gasset;8;Salamanca;40,4303191;-3,6861154
Contenedor de ropa;Calle;Calle Lagasca;Lagasca;7;Salamanca;40,42155312;-3,685899162
Contenedor de ropa;Avenida;Avenida Institución Libre de Enseñanza;Institución Libre de Enseñanza;121;San Blas-Canillejas;40,42096;-3,62514
Contenedor de ropa;Calle;Calle Pobladura del valle;Pobladura del valle;7;San Blas-Canillejas;40,42243;-3,62439
Contenedor de ropa;Calle;Calle Amposta;Amposta;24;San Blas-Canillejas;40,42546;-3,62131
Contenedor de ropa;Calle;Calle Castillo de Uclés ;Castillo de Uclés ;2;San Blas-Canillejas;40,42636;-3,62874
Contenedor de ropa;Calle;Calle Castillo de Uclés ;Castillo de Uclés ;35;San Blas-Canillejas;40,43118;-3,6232
Contenedor de ropa;Calle;Calle Castillo de Uclés;Castillo de Uclés;11;San Blas-Canillejas;40,42982;-3,62333
Contenedor de ropa;Calle;Calle Valdecanillas;Valdecanillas;55;San Blas-Canillejas;40,43271;-3,62491
Contenedor de ropa;Calle;Calle Valdecanillas;Valdecanillas;39;San Blas-Canillejas;40,43097;-3,62903
Contenedor de ropa;Avenida;Avenida Institución Libre de Enseñanza;Institución Libre de Enseñanza;55;San Blas-Canillejas;40,42961;-3,63185
Contenedor de ropa;Calle;Calle Alcalá;Alcalá;432;San Blas-Canillejas;40,4383;-3,63626
Contenedor de ropa;Calle;Calle Alcalá;Alcalá;477;San Blas-Canillejas;40,43926;-3,63308
Contenedor de ropa;Calle;Calle Alcalá;Alcalá;492;San Blas-Canillejas;40,43995;-3,62898
Contenedor de ropa;Calle;Calle Alcalá;Alcalá;579;San Blas-Canillejas;40,44502;-3,61505
Contenedor de ropa;Calle;Calle Alcalá;Alcalá;617;San Blas-Canillejas;40,44756;-3,61115
Contenedor de ropa;Avenida;Avenida Cuarta ;Cuarta ;1;San Blas-Canillejas;40,44888;-3,59602
Contenedor de ropa;Plaza;Plaza Calle Ocho;Calle Ocho;3;San Blas-Canillejas;40,44749;-3,5958
Contenedor de ropa;Calle;Calle Pirra;Pirra;18;San Blas-Canillejas;40,44696;-3,58734
Contenedor de ropa;Calle;Calle Febrero;Febrero;4;San Blas-Canillejas;40,44679;-3,57276
Contenedor de ropa;Calle;Calle Nicolasa Gomez;Nicolasa Gomez;33;San Blas-Canillejas;40,44111;-3,613812
Contenedor de ropa;Calle;Calle Esfinge;Esfinge;63;San Blas-Canillejas;40,4392;-3,60695
Contenedor de ropa;Calle;Calle Santa Genoveva;Santa Genoveva;2;San Blas-Canillejas;40,42623;-3,648309
Contenedor de ropa;Calle;Calle Esfinge;Esfinge;35;San Blas-Canillejas;40,4437;-3,60932
Contenedor de ropa;Calle;Calle San Faustino;San Faustino;2;San Blas-Canillejas;40,4473;-3,6092
Contenedor de ropa;Calle;Calle Valderobles;Valderobles;4;San Blas-Canillejas;40,44424;-3,61096
Contenedor de ropa;Calle;Calle Boltaña;Boltaña;14;San Blas-Canillejas;40,44423;-3,61388
Contenedor de ropa;Calle;Calle Albata;Albata;5;San Blas-Canillejas;40,43623;-3,6194
Contenedor de ropa;Calle;Calle Julian Camarillo;Julian Camarillo;59;San Blas-Canillejas;40,43818;-3,61875
Contenedor de ropa;Calle;Calle San Romualdo;San Romualdo;20;San Blas-Canillejas;40.4'40.6;-3,62317
Contenedor de ropa;Avenida;Avenida Niza;Niza;52;San Blas-Canillejas;40,43362;-3,60761
Contenedor de ropa;Calle;Calle Suecia;Suecia;79;San Blas-Canillejas;40,43212;-3,60599
Contenedor de ropa;Calle;Calle Suecia;Suecia;10;San Blas-Canillejas;40,42178;-3,60919
Contenedor de ropa;Calle;Calle Sofia ;Sofia ;177;San Blas-Canillejas;40,42235;-3,60124
Contenedor de ropa;Calle;Calle Sofia;Sofia;56;San Blas-Canillejas;40,42829;-3,60126
Contenedor de ropa;Calle;Calle Helsinki;Helsinki;21;San Blas-Canillejas;40,42566;-3,60274
Contenedor de ropa;Avenida;Avenida Guadalajara;Guadalajara;125;San Blas-Canillejas;40,42414;-3,60795
Contenedor de ropa;Avenida;Avenida Guadalajara ;Guadalajara ;51;San Blas-Canillejas;40.41991, ;-3,61803
Contenedor de ropa;Avenida;Avenida Guadalajara ;Guadalajara ;2;San Blas-Canillejas;40,41872;-3,62097
Contenedor de ropa;Calle;Calle San Román del Valle;San Román del Valle;8;San Blas-Canillejas;40,4196;-3,62151
Contenedor de ropa;Calle;Calle Aquitania;Aquitania;19;San Blas-Canillejas;40,41884;-3,61877
Contenedor de ropa;Calle;Calle Aquitania;Aquitania;35;San Blas-Canillejas;40,4196;-3,61623
Contenedor de ropa;Calle;Calle Amposta;Amposta;24;San Blas-Canillejas;40,42546;-3,62131
Contenedor de ropa;Calle;Calle Pobladura del Valle;Pobladura del Valle;7;San Blas-Canillejas;40,42243;-3,62439
Contenedor de ropa;Calle;Calle Pobladura del Valle ;Pobladura del Valle ;13;San Blas-Canillejas;40,42636;-3,61963
Contenedor de ropa;Calle;Calle Alberique;Alberique;16;San Blas-Canillejas;40,42906;-3,61639
Contenedor de ropa;Calle;Calle Gregorio Lopez Madera ;Gregorio Lopez Madera ;6;San Blas-Canillejas;40,429487;-3,613099
Contenedor de ropa;Calle;Calle Hinojosa del Duque ;Hinojosa del Duque ;3;San Blas-Canillejas;40.43193, ;-3,61398
Contenedor de ropa;Calle;Calle Julia Garcia Boutan;Julia Garcia Boutan;6;San Blas-Canillejas;40,4294;-3,61007
Contenedor de ropa;Calle;Calle Longares;Longares;20;San Blas-Canillejas;40,43148;-3,60982
Contenedor de ropa;Calle;Calle Francos Rodríguez;Francos Rodríguez;86;Tetuán;40,457186;-3,7107133
Contenedor de ropa;Calle;Calle Hierbabuena;Hierbabuena;2;Tetuán;40,459078;-3,7018875
Contenedor de ropa;Calle;Calle Bravo Murillo;Bravo Murillo;376;Tetuán;40,464936;-3,6925947
Contenedor de ropa;Calle;Calle Matilde Landa;Matilde Landa;30;Tetuán;40,47317;-3,6940124
Contenedor de ropa;Avenida;Avenida Asturias;Asturias;2;Tetuán;40,46688;-3,6902
Contenedor de ropa;Plaza;Plaza Donoso;Donoso;5;Tetuán;40,469321;-3,697284
Contenedor de ropa;Calle;Calle Cestona;Cestona;5;Usera;40,37283982;-3,713759541
Contenedor de ropa;Avenida;Avenida Rafaela Ybarra ;Rafaela Ybarra ;52;Usera;40,37283982;-3,713759541
Contenedor de ropa;Calle;Calle Doctor Tolosa Latour ;Doctor Tolosa Latour ;13;Usera;40,37243034;-3,702210399
Contenedor de ropa;Avenida;Avenida Orcasur ;Orcasur ;60;Usera;40,36548037;-3,701820263
Contenedor de ropa;Avenida;Avenida Orcasur;Orcasur;53;Usera;40,36524973;-3,700929811
Contenedor de ropa;Calle;Calle De Albuñuelas ;De Albuñuelas ;13;Usera;40,3657803;-3,698410088
Contenedor de ropa;Calle;Calle Moreja ;Moreja ;3;Usera;40,36870036;-3,697629864
Contenedor de ropa;Avenida;Avenida De los Poblados;De los Poblados;183;Usera;40,3710325;-3,696935747
Contenedor de ropa;Calle;Calle De Estafeta ;De Estafeta ;26;Usera;40,37183975;-3,692280353
Contenedor de ropa;Calle;Calle Carabelos;Carabelos;21;Usera;40,3749289;-3,692113244
Contenedor de ropa;Avenida;Avenida Los Fueros;Los Fueros;47;Usera;40,36778019;-3,685939712
Contenedor de ropa;Calle;Calle De Silvina ;De Silvina ;28;Usera;40,36520988;-3,69017964
Contenedor de ropa;Calle;Calle Antonio López ;Antonio López ;256;Usera;40,38005014;-3,694919593
Contenedor de ropa;Calle;Calle Antonio López ;Antonio López ;241;Usera;40,38241983;-3,695919408
Contenedor de ropa;Calle;Calle Antonio López ;Antonio López ;199;Usera;40,38422044;-3,695670504
Contenedor de ropa;Avenida;Avenida Cordoba ;Cordoba ;8;Usera;40,38632032;-3,699129995
Contenedor de ropa;Calle;Calle Andres Arteaga ;Andres Arteaga ;5;Usera;40,38838046;-3,705989575
Contenedor de ropa;Avenida;Avenida Rafaela Ybarra ;Rafaela Ybarra ;16;Usera;40,38205939;-3,711374252
Contenedor de ropa;Avenida;Avenida Rafaela Ybarra ;Rafaela Ybarra ;73;Usera;40,37894971;-3,711579859
Contenedor de ropa;Calle;Calle Cristo de la Victoria ;Cristo de la Victoria ;245;Usera;40,37883016;-3,709630133
Contenedor de ropa;Calle;Calle Cristo de la Victoria ;Cristo de la Victoria ;245;Usera;40,37883016;-3,709630133
Contenedor de ropa;Calle;Calle Cristo de la Victoria ;Cristo de la Victoria ;88;Usera;40,37984018;-3,70490025
Contenedor de ropa;Calle;Calle Cristo de la Victoria ;Cristo de la Victoria ;88;Usera;40,37984018;-3,70490025
Contenedor de ropa;Calle;Calle Censo;Censo;4;Usera;40,36872312;-3,705418452
Contenedor de ropa;Calle;Calle Gran Avenida;Gran Avenida;33;Usera;40,36973103;-3,706086569
Contenedor de ropa;Calle;Calle Rafaela Ybarra ;Rafaela Ybarra ;123;Usera;40,36622287;-3,712419581
Contenedor de ropa;Calle;Calle Avena;Avena;4;Usera;40,37772287;-3,716043525
Contenedor de ropa;Calle;Calle Juan Español;Juan Español;2;Usera;40,38667188;-3,707568156
Contenedor de ropa;Calle;Calle Guetaria ;Guetaria ;49;Usera;40,36876253;-3,715441852
Contenedor de ropa;Calle;Calle Minerva;Minerva;70;Vicalvaro;40,39532;-3,607771
Contenedor de ropa;Calle;Calle Campo de la Torre;Campo de la Torre;14;Vicalvaro;40,397202;-3,606118
Contenedor de ropa;Calle ;Calle  Bulevar Jose Prat;Bulevar Jose Prat;25;Vicalvaro;40,397708;-3,621148
Contenedor de ropa;Avenida;Avenida Gran Via del Este;Gran Via del Este;14;Vicalvaro;40,401837;-3,597145
Contenedor de ropa;Calle;Calle Pedernal;Pedernal;1;Vicalvaro;40,405582;-3,598394
Contenedor de ropa;Calle;Calle Sepiolita;Sepiolita;6;Vicalvaro;40,395106;-3,607987
Contenedor de ropa;Calle;Calle Villablanca ;Villablanca ;73;Vicalvaro;40,406316;-3,601658
Contenedor de ropa;Calle;Calle Villablanca ;Villablanca ;23;Vicalvaro;40,408299;-3,606141
Contenedor de ropa;Calle;Calle Casalareina;Casalareina;27;Vicalvaro;40,408258;-3,614427
Contenedor de ropa;Calle;Calle Casalareina;Casalareina;22;Vicalvaro;40,409135;-3,612732
Contenedor de ropa;Calle;Calle Villa Jimena;Villa Jimena;75;Vicalvaro;40,406805;-3,605849
Contenedor de ropa;Calle;Calle Villardondiego;Villardondiego;32;Vicalvaro;40,405342;-3,608288
Contenedor de ropa;Calle;Calle Calahorra;Calahorra;17;Vicalvaro;40,406949;-3,613039
Contenedor de ropa;Calle;Calle Tren de Arganda;Tren de Arganda;12;Vicalvaro;40,403786;-3,619454
Contenedor de ropa;Calle;Calle  Ladera de los Almendros; Ladera de los Almendros;2;Vicalvaro;40,404471;-3,622591
Contenedor de ropa;Calle;Calle  Ladera de los Almendros; Ladera de los Almendros;44;Vicalvaro;40,396576;-3,626258
Contenedor de ropa;Calle;Calle Indalecio Prieto;Indalecio Prieto;44;Vicalvaro;40,3967;-3,623087
Contenedor de ropa;Bulevar;Bulevar Indalecio Prieto;Indalecio Prieto;19;Vicalvaro;40,399946;-3,62122
Contenedor de ropa;Calle;Calle San Jose Prat;San Jose Prat;95;Vicalvaro;40,396731;-3,620231
Contenedor de ropa;Calle;Calle San Cipriano;San Cipriano;30;Vicalvaro;40,403693;-3,601317
Contenedor de ropa;Paseo;Paseo Castellana;Castellana;2;Vicalvaro;40,426315;-3,689716
Contenedor de ropa;Avenida;Avenida Aurora Boreal;Aurora Boreal;15;Vicalvaro;40,398881;-3,604157
Contenedor de ropa;Calle;Calle Fuente de San Jorge;Fuente de San Jorge;2;Vicalvaro;40,401646;-3,605478
Contenedor de ropa;Calle;Calle Ensanche Vallecas ;Ensanche Vallecas ;120;Villa Vallecas;40,36020799;-3,593408157
Contenedor de ropa;Calle;Calle Ensanche Vallecas ;Ensanche Vallecas ;79;Villa Vallecas;40,37116993;-3,646600334
Contenedor de ropa;Calle;Calle Antonio Gades  ;Antonio Gades  ;25;Villa Vallecas;40,3653618;-3,593015326
Contenedor de ropa;Calle;Calle Ensanche Vallecas ;Ensanche Vallecas ;62;Villa Vallecas;40,36265041;-3,596570298
Contenedor de ropa;Calle;Calle Peñaranda de Bracamontes ;Peñaranda de Bracamontes ;22;Villa Vallecas;40,36335009;-3,594359905
Contenedor de ropa;Calle;Calle Peñaranda de Bracamontes ;Peñaranda de Bracamontes ;57;Villa Vallecas;40,36460056;-3,602370442
Contenedor de ropa;Calle;Calle Granja de San Idelfonso ;Granja de San Idelfonso ;29;Villa Vallecas;40,3702205;-3,60855963
Contenedor de ropa;Calle;Calle Alameda del Valle ;Alameda del Valle ;26;Villa Vallecas;40,36643985;-3,61120046
Contenedor de ropa;Avenida;Avenida Gavia ;Gavia ;39;Villa Vallecas;40,36611048;-3,61825025
Contenedor de ropa;Calle;Calle Congosto ;Congosto ;76;Villa Vallecas;40,36556016;-3,619570254
Contenedor de ropa;Avenida;Avenida Gavia ;Gavia ;16;Villa Vallecas;40,36953985;-3,614100127
Contenedor de ropa;Calle;Calle Cabeza Mesada ;Cabeza Mesada ;28;Villa Vallecas;40,3700203;-3,617939679
Contenedor de ropa;Calle;Calle Bulevar Naturaleza ;Bulevar Naturaleza ;10;Villa Vallecas;40,37462995;-3,610879838
Contenedor de ropa;Calle;Calle Torre Don Miguel ;Torre Don Miguel ;31;Villa Vallecas;40,37359029;-3,625710219
Contenedor de ropa;Calle;Calle Gamonal ;Gamonal ;5;Villa Vallecas;40,37415038;-3,6299101
Contenedor de ropa;Calle;Calle Luis I;Luis I;36;Villa Vallecas;40,37172037;-3,64385988
Contenedor de ropa;Calle;Calle San Jaime ;San Jaime ;22;Villa Vallecas;40,37809929;-3,628828107
Contenedor de ropa;Calle;Calle Sierra de Palomeras ;Sierra de Palomeras ;12;Villa Vallecas;40,37769034;-3,628700259
Contenedor de ropa;Calle;Calle Fuentidueña;Fuentidueña;33;Villa Vallecas;40,37712031;-3,624330442
Contenedor de ropa;Calle;Calle Sierra Gador ;Sierra Gador ;35;Villa Vallecas;40,38022455;-3,622247305
Contenedor de ropa;Avenida;Avenida Santa Eugenia ;Santa Eugenia ;45;Villa Vallecas;40,38256969;-3,610540397
Contenedor de ropa;Avenida;Avenida Santa Eugenia ;Santa Eugenia ;60;Villa Vallecas;40,37912048;-3,608929503
Contenedor de ropa;Calle;Calle Enrique García Alvarez ;Enrique García Alvarez ;5;Villa Vallecas;40,38036008;-3,614049931
Contenedor de ropa;Calle;Calle Ensanche Vallecas ;Ensanche Vallecas ;11;Villa Vallecas;40,37029857;-3,61206632
Contenedor de ropa;Avenida;Avenida Valdeculebras;Valdeculebras;119;Villa Vallecas;40,35851761;-3,585683503
Contenedor de ropa;Calle;Calle Puerto Porzuna;Puerto Porzuna;17;Villa Vallecas;40,37502871;-3,621830094
Contenedor de ropa;Avenida;Avenida Las Suertes;Las Suertes;13;Villa Vallecas;40,37196154;-3,608914061
Contenedor de ropa;Avenida;Avenida Las Suertes;Las Suertes;80;Villa Vallecas;40,36637615;-3,598208987
Contenedor de ropa;Calle;Calle Cañada del Santisimo;Cañada del Santisimo;1;Villa Vallecas;40,362279;-3,600876
Contenedor de ropa;Calle;Calle Cerro Milano;Cerro Milano;8;Villa Vallecas;40,36800006;-3,618334182
Contenedor de ropa;Avenida;Avenida Gavia ;Gavia ;90;Villa Vallecas;40,3649592;-3,619025085
Contenedor de ropa;Calle;Calle Congosto ;Congosto ;9;Villa Vallecas;40,37554301;-3,620074212
Contenedor de ropa;Calle;Calle Peña Vargas;Peña Vargas;5;Villa Vallecas;40,37461607;-3,620727967
Contenedor de ropa;Calle;Calle Rafael de León;Rafael de León;22;Villa Vallecas;40,36511786;-3,601245655
Contenedor de ropa;Calle;Calle Real Arganda;Real Arganda;4;Villa Vallecas;40,37953198;-3,620663406
Contenedor de ropa;Calle;Calle Cerro Almodovar;Cerro Almodovar;9;Villa Vallecas;40,3816895;-3,60232695
Contenedor de ropa;Calle;Calle Enrique García Alvarez ;Enrique García Alvarez ;5;Villa Vallecas;40,38036008;-3,614049931
Contenedor de ropa;Calle;Calle Bascuñuelos;Bascuñuelos;3;Villaverde;40,33879;-3,709480048
Contenedor de ropa;Calle;Calle Domingo Párraga;Domingo Párraga;24;Villaverde;40,34220026;-3,708109963
Contenedor de ropa;Calle;Calle Domingo Párraga;Domingo Párraga;52;Villaverde;40,34216;-3,713049895
Contenedor de ropa;Paseo;Paseo Alberto Palacios;Alberto Palacios;79;Villaverde;40,34312053;-3,716959599
Contenedor de ropa;Paseo;Paseo Alberto Palacios;Alberto Palacios;68;Villaverde;40,34344057;-3,716489665
Contenedor de ropa;Calle;Calle Doctor Martín Arevalo;Doctor Martín Arevalo;44;Villaverde;40,34609675;-3,703794444
Contenedor de ropa;Calle;Calle Palomares;Palomares;8;Villaverde;40,35724892;-3,697366496
Contenedor de ropa;Calle;Calle Arroyo Bueno;Arroyo Bueno;16;Villaverde;40,36164513;-3,69839226
Contenedor de ropa;Calle;Calle Villalonso;Villalonso;13;Villaverde;40,36229875;-3,698122353
Contenedor de ropa;Calle;Calle Villalonso;Villalonso;12;Villaverde;40,3601043;-3,694591675
Contenedor de ropa;Calle;Calle San Jenaro;San Jenaro;3;Villaverde;40,34609675;-3,703794444
Contenedor de ropa;Calle;Calle Eduardo Barreiros;Eduardo Barreiros;145;Villaverde;40,3511514;-3,704937756
Contenedor de ropa;Paseo;Paseo Talleres;Talleres;8;Villaverde;40,36164513;-3,69839226
Contenedor de ropa;Calle;Calle Alcocer;Alcocer;22;Villaverde;40,36229875;-3,698122353
Contenedor de ropa;Calle;Calle José del Pino;José del Pino;2;Villaverde;40,350708; '-3.691836
Contenedor de ropa;Calle;Calle Ctra Villaverde a Vallecas;Ctra Villaverde a Vallecas;19;Villaverde;40,34609675;-3,703794444
Contenedor de ropa;Calle;Calle Concepción de la Oliva;Concepción de la Oliva;1;Villaverde;40,35724892;-3,697366496
Contenedor de ropa;Calle;Calle Juan José Martínez Seco ;Juan José Martínez Seco ;76;Villaverde;40,36164513;-3,69839226
Contenedor de ropa;Calle;Calle Diamante ;Diamante ;34;Villaverde;40,36229875;-3,698122353
Contenedor de ropa;Calle;Calle Eduardo Minguito ;Eduardo Minguito ;10;Villaverde;40,3601043;-3,694591675
Contenedor de ropa;Calle;Calle Rocafort;Rocafort;9;Villaverde;40,34609675;-3,703794444
Contenedor de ropa;Calle;Calle Benimanet ;Benimanet ;137;Villaverde;40,35724892;-3,697366496
Contenedor de ropa;Calle;Calle Benimanet ;Benimanet ;95;Villaverde;40,36164513;-3,69839226
Contenedor de ropa;Avenida;Avenida Marconi;Marconi;9;Villaverde;40,36229875;-3,698122353
Contenedor de ropa;Calle;Calle Principal;Principal;1;Villaverde;40,3601043;-3,694591675
Contenedor de ropa;Calle;Calle Anoeta ;Anoeta ;41;Villaverde;40,34609675;-3,703794444
Contenedor de ropa;Calle;Calle Arama ;Arama ;6;Villaverde;40,35724892;-3,697366496
Contenedor de ropa;Calle;Calle Anoeta ;Anoeta ;19;Villaverde;40,36164513;-3,69839226
Contenedor de ropa;Calle;Calle Hermandad Donantes Sangre ;Hermandad Donantes Sangre ;9;Villaverde;40,36229875;-3,698122353
Contenedor de ropa;Calle;Calle Hermandad Donantes Sangre ;Hermandad Donantes Sangre ;55;Villaverde;40,3601043;-3,694591675
Contenedor de ropa;Calle;Calle Huesped del Sevillano ;Huesped del Sevillano ;8;Villaverde;40,34609675;-3,703794444
Contenedor de ropa;Calle;Calle Manojo de Rosas ;Manojo de Rosas ;93;Villaverde;40,353283;-3,698559
Contenedor de ropa;Calle;Calle Manojo de Rosas ;Manojo de Rosas ;48;Villaverde;40,35724892;-3,697366496
Contenedor de ropa;Calle;Calle Corte del Faraón ;Corte del Faraón ;2;Villaverde;40,36164513;-3,69839226
Contenedor de ropa;Calle;Calle Menasalbas ;Menasalbas ;8;Villaverde;40,36229875;-3,698122353
Contenedor de ropa;Calle;Calle Menasalbas ;Menasalbas ;16;Villaverde;40,36229875;-3,698122353
Contenedor de ropa;Calle;Calle Verbena de la Paloma ;Verbena de la Paloma ;5;Villaverde;40,36010017;-3,69540013
Contenedor de ropa;Calle;Calle Verbena de la Paloma ;Verbena de la Paloma ;21;Villaverde;40,35858014;-3,695880316
Contenedor de ropa;Calle;Calle Gigantes y Cabezudos ;Gigantes y Cabezudos ;26;Villaverde;40,35821005;-3,693900371
Contenedor de ropa;Calle;Calle Pan y Toros ;Pan y Toros ;11;Villaverde;40,3601043;-3,694591675
Contenedor de ropa;Calle;Calle Ciudadania;Ciudadania;4;Villaverde;40,35813021;-3,692189569
Contenedor de ropa;Calle;Calle María Oure;María Oure;1;Villaverde;40,35968028;-3,690900529
Contenedor de ropa;Avenida;Avenida Orovilla ;Orovilla ;43;Villaverde;40,3607597;-3,689369913
Contenedor de ropa;Calle;Calle Berrocal;Berrocal;9;Villaverde;40,36160049;-3,688119479
Contenedor de ropa;Avenida;Avenida Avenida Felicidad ;Avenida Felicidad ;37;Villaverde;40,35923011;-3,68692004
Contenedor de ropa;Calle;Calle Alianza ;Alianza ;20;Villaverde;40,35739042;-3,686619907
Contenedor de ropa;Calle;Calle Alianza ;Alianza ;4;Villaverde;40,35763025;-3,688559601
Contenedor de ropa;Calle;Calle Los Bohemios ;Los Bohemios ;1;Villaverde;40,35640023;-3,6940302
Contenedor de ropa;Calle;Calle Alegria de la Huerta ;Alegria de la Huerta ;1;Villaverde;40,35611677;-3,695235905
Contenedor de ropa;Calle;Calle San Jenaro;San Jenaro;3;Villaverde;40,34920021;-3,703560231
Contenedor de ropa;Calle;Calle Transversal Sexta;Transversal Sexta;13;Villaverde;40,35137032;-3,705070038
Contenedor de ropa;Calle;Calle Americio;Americio;17;Villaverde;40,36160049;-3,688119479
Contenedor de ropa;Calle;Calle Berrocal;Berrocal;2;Villaverde;40,34866288;-3,67790295
Contenedor de ropa;Calle;Calle Berrocal;Berrocal;42;Villaverde;40,34450959;-3,676822044
Contenedor de ropa;Avenida;Avenida Los Rosales;Los Rosales;117;Villaverde;40,35342105;-3,678889374
Contenedor de ropa;Calle;Calle Arroyo de la Burela;Arroyo de la Burela;10;Villaverde;40,33903041;-3,680888105
Contenedor de ropa;Calle;Calle Godella;Godella;325;Villaverde;40,34011663;-3,687303871
Contenedor de ropa;Calle;Calle Villaverde a Perales del Rio;Villaverde a Perales del Rio;1;Villaverde;40,3397435;-3,675908821
Contenedor de ropa;Calle;Calle Santo de la Isidra;Santo de la Isidra;25;Villaverde;40,35410372;-3,703956703
Contenedor de ropa;Calle;Calle Estefanita;Estefanita;24;Villaverde;40,34573622;-3,675554171
