Número,Distrito,Barrio ,Calle,Direccion,Nº Finca,Número de Plazas,Longitud,POINT,Latitud
1 a, CENTRO,SOL, CALLE DE ALCALA," CALLE DE ALCALA, 2",2,30,-3.701998,-3.701998  40.4171107,40.4171107
1 b, CENTRO,SOL, CALLE DE ALCALA," CALLE DE ALCALA, 6",6,30,-3.7015636,-3.7015636  40.4172132,40.4172132
2, CENTRO,UNIVERSIDAD, CALLE DE MIGUEL MOYA," CALLE DE MIGUEL MOYA, 1",1,24,-3.7056739,-3.7056739  40.42058,40.42058
3, CHAMBERÍ,ARAPILES, PLAZA DEL CONDE DEL VALLE DE SUCHIL," PLAZA DEL CONDE DEL VALLE DE SUCHIL, 2",2,18,-3.7072122,-3.7072122  40.4303224,40.4303224
4, CENTRO,UNIVERSIDAD, CALLE DE MANUELA MALASAÑA," CALLE DE MANUELA MALASAÑA, 3",3,24,-3.7026739,-3.7026739  40.4285905,40.4285905
5, CENTRO,JUSTICIA, CALLE DE FUENCARRAL," CALLE DE FUENCARRAL, 106",106,27,-3.7020743,-3.7020743  40.428362,40.428362
6, CENTRO,JUSTICIA, CALLE DE HORTALEZA," CALLE DE HORTALEZA, 63",63,24,-3.6984093,-3.6984093  40.4241633,40.4241633
7, CENTRO,JUSTICIA, CALLE DE HORTALEZA," CALLE DE HORTALEZA, 75",75,21,-3.6977399,-3.6977399  40.4252161,40.4252161
8, CHAMBERÍ,ALMAGRO, PLAZA DE ALONSO MARTINEZ," PLAZA DE ALONSO MARTINEZ, 6",6,24,-3.6953067,-3.6953067  40.4277143,40.4277143
9, CENTRO,PALACIO, PLAZA DE SAN MIGUEL," PLAZA DE SAN MIGUEL, 9",9,24,-3.7094093,-3.7094093  40.4156134,40.4156134
10, CENTRO,JUSTICIA, CALLE DEL MARQUES DE LA ENSENADA," CALLE DEL MARQUES DE LA ENSENADA, 16",16,24,-3.6920816,-3.6920816  40.4254027,40.4254027
11, CENTRO,UNIVERSIDAD, CALLE DE SAN ANDRES," CALLE DE SAN ANDRES, 20",20,24,-3.7036192,-3.7036192  40.4270517,40.4270517
12, CENTRO,UNIVERSIDAD, CALLE DE SAN BERNARDO," CALLE DE SAN BERNARDO, 87",87,24,-3.7062202,-3.7062202  40.4285271,40.4285271
13, CENTRO,UNIVERSIDAD, CALLE DEL CONDE DUQUE," CALLE DEL CONDE DUQUE, 22",22,24,-3.7104727,-3.7104727  40.4273652,40.4273652
14, MONCLOA-ARAVACA,ARGÜELLES, CALLE DE VENTURA RODRIGUEZ," CALLE DE VENTURA RODRIGUEZ, 1",1,24,-3.7133768,-3.7133768  40.4259913,40.4259913
15, CENTRO,UNIVERSIDAD, CALLE DEL NORTE," CALLE DEL NORTE, 10",10,21,-3.7073611,-3.7073611  40.4262937,40.4262937
16, CENTRO,UNIVERSIDAD, CALLE DE SAN BERNARDO," CALLE DE SAN BERNARDO, 22",22,21,-3.7074955,-3.7074955  40.4229421,40.4229421
17, CENTRO,UNIVERSIDAD, PLAZA DE CARLOS CAMBRONERO," PLAZA DE CARLOS CAMBRONERO, 2",2,24,-3.7041859,-3.7041859  40.4231675,40.4231675
18, CENTRO,JUSTICIA, PLAZA DE PEDRO ZEROLO," PLAZA DE PEDRO ZEROLO, 1",1,24,-3.6995679,-3.6995679  40.4209206,40.4209206
19, CENTRO,JUSTICIA, CALLE DE PRIM," CALLE DE PRIM, 4",4,24,-3.6953951,-3.6953951  40.4218997,40.4218997
20 a, CENTRO,JUSTICIA, CALLE DE ALCALA," CALLE DE ALCALA, 49",49,24,-3.6952095,-3.6952095  40.4191989,40.4191989
20 b, CENTRO,JUSTICIA, CALLE DE ALCALA," CALLE DE ALCALA, 49",49,6,-3.6952901,-3.6952901  40.4191858,40.4191858
22, CENTRO,SOL, CALLE DE JACOMETREZO," CALLE DE JACOMETREZO, 1",1,24,-3.7064995,-3.7064995  40.4201452,40.4201452
23, CENTRO,PALACIO, PLAZA DE SANTO DOMINGO," PLAZA DE SANTO DOMINGO, S/N",S/N,24,-3.7082901,-3.7082901  40.4202137,40.4202137
24, CENTRO,PALACIO, CALLE DE CARLOS III," CALLE DE CARLOS III, 1",1,24,-3.7105866,-3.7105866  40.417906,40.417906
25 a, CENTRO,SOL, PLAZA DEL CELENQUE," PLAZA DEL CELENQUE, 1",1,24,-3.7059978,-3.7059978  40.4173416,40.4173416
25 b, CENTRO,SOL, PLAZA DEL CELENQUE," PLAZA DEL CELENQUE, 1",1,24,-3.7060243,-3.7060243  40.4172593,40.4172593
26, CENTRO,JUSTICIA, PLAZA DE LAS SALESAS," PLAZA DE LAS SALESAS, 8",8,24,-3.6945421,-3.6945421  40.4238308,40.4238308
27, CENTRO,CORTES, CALLE DE JESUS," CALLE DE JESUS, 6",6,27,-3.6955803,-3.6955803  40.4132831,40.4132831
28, CENTRO,CORTES, CALLE DE ALCALA," CALLE DE ALCALA, 26",26,24,-3.6983662,-3.6983662  40.4180695,40.4180695
29, CENTRO,CORTES, CALLE DEL MARQUES DE CUBAS," CALLE DEL MARQUES DE CUBAS, 25",25,24,-3.6958008,-3.6958008  40.416244,40.416244
30, CENTRO,PALACIO, CALLE DE PAVIA," CALLE DE PAVIA, 6",6,27,-3.7115428,-3.7115428  40.4193355,40.4193355
31, CENTRO,SOL, CALLE MAYOR," CALLE MAYOR, 18",18,27,-3.706625,-3.706625  40.4163446,40.4163446
32, CENTRO,SOL, PLAZA DE LA PROVINCIA," PLAZA DE LA PROVINCIA, 1",1,18,-3.7061355,-3.7061355  40.4148511,40.4148511
33, CENTRO,SOL, CALLE DE LAS CARRETAS," CALLE DE LAS CARRETAS, 3",3,21,-3.7032096,-3.7032096  40.4164757,40.4164757
34, CENTRO,CORTES, PLAZA DE JACINTO BENAVENTE," PLAZA DE JACINTO BENAVENTE, S/N",S/N,24,-3.7035044,-3.7035044  40.4144117,40.4144117
35, CENTRO,PALACIO, PLAZA DEL CORDON," PLAZA DEL CORDON, 1",1,24,-3.7103676,-3.7103676  40.4141792,40.4141792
36, CENTRO,PALACIO, PLAZA DE RAMALES," PLAZA DE RAMALES, 5",5,24,-3.711764,-3.711764  40.4168229,40.4168229
37, CENTRO,PALACIO, PLAZA DE SAN FRANCISCO," PLAZA DE SAN FRANCISCO, 5",5,24,-3.7141234,-3.7141234  40.4108606,40.4108606
38, CENTRO,PALACIO, CARRERA DE SAN FRANCISCO," CARRERA DE SAN FRANCISCO, 1",1,24,-3.7114443,-3.7114443  40.4112961,40.4112961
39, CENTRO,PALACIO, PLAZA DE LA CEBADA," PLAZA DE LA CEBADA, 16",16,27,-3.7090043,-3.7090043  40.4112662,40.4112662
40, CENTRO,EMBAJADORES, CALLE DEL CONDE DE ROMANONES," CALLE DEL CONDE DE ROMANONES, 2",2,24,-3.7047463,-3.7047463  40.4137865,40.4137865
41, CENTRO,EMBAJADORES, CALLE DE ATOCHA," CALLE DE ATOCHA, 56",56,18,-3.6989898,-3.6989898  40.412228,40.412228
42, CENTRO,EMBAJADORES, CALLE DE SANTA ISABEL," CALLE DE SANTA ISABEL, 32",32,24,-3.6982294,-3.6982294  40.4107714,40.4107714
43, CENTRO,EMBAJADORES, CALLE DE LAVAPIES," CALLE DE LAVAPIES, 36",36,24,-3.7025446,-3.7025446  40.4100889,40.4100889
44, CENTRO,EMBAJADORES, CALLE DEL MESON DE PAREDES," CALLE DEL MESON DE PAREDES, 35",35,21,-3.7039138,-3.7039138  40.4098162,40.4098162
45, CENTRO,EMBAJADORES, GLORIETA DE LA PUERTA DE TOLEDO," GLORIETA DE LA PUERTA DE TOLEDO, 1",1,21,-3.7111381,-3.7111381  40.4069486,40.4069486
46, ARGANZUELA,ACACIAS, CALLE DE LA RIBERA DE CURTIDORES," CALLE DE LA RIBERA DE CURTIDORES, 28",28,24,-3.7071178,-3.7071178  40.4054496,40.4054496
47, ARGANZUELA,ACACIAS, GLORIETA DE EMBAJADORES," GLORIETA DE EMBAJADORES, 7 B",7 B,24,-3.702755,-3.702755  40.4046233,40.4046233
48, CENTRO,EMBAJADORES, GLORIETA DE EMBAJADORES," GLORIETA DE EMBAJADORES, 2",2,24,-3.7020997,-3.7020997  40.4054473,40.4054473
49, CENTRO,EMBAJADORES, RONDA DE ATOCHA," RONDA DE ATOCHA, 36",36,24,-3.6992427,-3.6992427  40.4060497,40.4060497
50, CENTRO,EMBAJADORES, CALLE DE SANTA ISABEL," CALLE DE SANTA ISABEL, 57",57,24,-3.69322,-3.69322  40.4083102,40.4083102
51, CENTRO,EMBAJADORES, PLAZA DEL EMPERADOR CARLOS V," PLAZA DEL EMPERADOR CARLOS V, 7",7,27,-3.6935934,-3.6935934  40.4077234,40.4077234
52, CENTRO,CORTES, PLAZA DE SANTA ANA," PLAZA DE SANTA ANA, 9",9,24,-3.7007838,-3.7007838  40.4145181,40.4145181
53, CENTRO,EMBAJADORES, CALLE DE VALENCIA," CALLE DE VALENCIA, 2",2,24,-3.7007295,-3.7007295  40.4082802,40.4082802
54, CENTRO,JUSTICIA, CALLE DE BARCELO," CALLE DE BARCELO, 7",7,21,-3.7003435,-3.7003435  40.4266233,40.4266233
55, CENTRO,UNIVERSIDAD, PLAZA DE SAN ILDEFONSO," PLAZA DE SAN ILDEFONSO, 8",8,24,-3.7019295,-3.7019295  40.4240716,40.4240716
56, CENTRO,SOL, PLAZA DEL CARMEN," PLAZA DEL CARMEN, 1",1,24,-3.7032875,-3.7032875  40.418484,40.418484
57, CENTRO,UNIVERSIDAD, CALLE DE SANTA CRUZ DE MARCENADO," CALLE DE SANTA CRUZ DE MARCENADO, 24",24,24,-3.7128181,-3.7128181  40.4296363,40.4296363
58, CENTRO,JUSTICIA, CALLE DE AUGUSTO FIGUEROA," CALLE DE AUGUSTO FIGUEROA, 33",33,24,-3.6979458,-3.6979458  40.4222601,40.4222601
59, CENTRO,UNIVERSIDAD, CALLE DEL ESPIRITU SANTO," CALLE DEL ESPIRITU SANTO, 30",30,21,-3.7041167,-3.7041167  40.4254802,40.4254802
60, RETIRO,JERÓNIMOS, PLAZA DE LA INDEPENDENCIA," PLAZA DE LA INDEPENDENCIA, 7",7,24,-3.6881994,-3.6881994  40.4194508,40.4194508
61, RETIRO,IBIZA, CALLE DE O'DONNELL," CALLE DE O'DONNELL, 30",30,24,-3.675206,-3.675206  40.4214379,40.4214379
62, RETIRO,IBIZA, CALLE DE O'DONNELL," CALLE DE O'DONNELL, 48",48,24,-3.6724223,-3.6724223  40.4212986,40.4212986
63, RETIRO,IBIZA, CALLE DE IBIZA," CALLE DE IBIZA, 64",64,24,-3.6706508,-3.6706508  40.4178926,40.4178926
65, RETIRO,JERÓNIMOS, CALLE DE ANTONIO MAURA," CALLE DE ANTONIO MAURA, 15",15,24,-3.6893825,-3.6893825  40.4166859,40.4166859
67, CENTRO,CORTES, CALLE DE ALMADEN," CALLE DE ALMADEN, 28",28,24,-3.6931349,-3.6931349  40.410829,40.410829
68, RETIRO,JERÓNIMOS, CALLE DE ESPALTER," CALLE DE ESPALTER, 1",1,21,-3.6911649,-3.6911649  40.412781,40.412781
69, RETIRO,JERÓNIMOS, CALLE DE ALFONSO XII," CALLE DE ALFONSO XII, 54",54,27,-3.6888669,-3.6888669  40.4100609,40.4100609
70, RETIRO,JERÓNIMOS, AVENIDA DE MENENDEZ PELAYO," AVENIDA DE MENENDEZ PELAYO, 63",63,24,-3.6777994,-3.6777994  40.4152203,40.4152203
71, RETIRO,NIÑO JESÚS, CALLE DEL DOCE DE OCTUBRE," CALLE DEL DOCE DE OCTUBRE, 28",28,24,-3.674021,-3.674021  40.4160054,40.4160054
72, RETIRO,NIÑO JESÚS, CALLE DEL DOCTOR ESQUERDO," CALLE DEL DOCTOR ESQUERDO, 62",62,24,-3.669623,-3.669623  40.415721,40.415721
73, RETIRO,ESTRELLA, PLAZA DE LOS ASTROS," PLAZA DE LOS ASTROS, S/N",S/N,24,-3.669099,-3.669099  40.411463,40.411463
74, RETIRO,JERÓNIMOS, AVENIDA DE MENENDEZ PELAYO," AVENIDA DE MENENDEZ PELAYO, S/N",S/N,24,-3.6765768,-3.6765768  40.4117601,40.4117601
75, RETIRO,JERÓNIMOS, AVENIDA DE MENENDEZ PELAYO," AVENIDA DE MENENDEZ PELAYO, S/N",S/N,24,-3.6784149,-3.6784149  40.4083387,40.4083387
76, RETIRO,NIÑO JESÚS, AVENIDA DEL MEDITERRANEO," AVENIDA DEL MEDITERRANEO, 19",19,24,-3.6751544,-3.6751544  40.4072851,40.4072851
77, RETIRO,PACÍFICO, PLAZA DEL CONDE DE CASAL," PLAZA DEL CONDE DE CASAL, 8",8,22,-3.6707742,-3.6707742  40.4063347,40.4063347
78, RETIRO,ADELFAS, CALLE DEL CERRO DE LA PLATA," CALLE DEL CERRO DE LA PLATA, 2",2,24,-3.6745783,-3.6745783  40.4005704,40.4005704
79, RETIRO,PACÍFICO, AVENIDA DE MENENDEZ PELAYO," AVENIDA DE MENENDEZ PELAYO, 38",38,24,-3.6805524,-3.6805524  40.4050482,40.4050482
80 a, ARGANZUELA,ATOCHA, AVENIDA DE LA CIUDAD DE BARCELONA," AVENIDA DE LA CIUDAD DE BARCELONA, S/N",S/N,24,-3.6904816,-3.6904816  40.4074122,40.4074122
80 b, ARGANZUELA,ATOCHA, AVENIDA DE LA CIUDAD DE BARCELONA," AVENIDA DE LA CIUDAD DE BARCELONA, S/N",S/N,27,-3.6907238,-3.6907238  40.407626,40.407626
81, RETIRO,JERÓNIMOS, CALLE DE CLAUDIO MOYANO," CALLE DE CLAUDIO MOYANO, S/N",S/N,24,-3.6919663,-3.6919663  40.4095758,40.4095758
82, RETIRO,ESTRELLA, CALLE DE LA LIRA," CALLE DE LA LIRA, 2",2,24,-3.669683,-3.669683  40.4084793,40.4084793
83, RETIRO,NIÑO JESÚS, CALLE DE PIO BAROJA," CALLE DE PIO BAROJA, 8 B",8 B,24,-3.6745339,-3.6745339  40.4132589,40.4132589
84, RETIRO,ADELFAS, CALLE DEL DOCTOR ESQUERDO," CALLE DEL DOCTOR ESQUERDO, 191",191,24,-3.6726923,-3.6726923  40.4033695,40.4033695
85, RETIRO,JERÓNIMOS, AVENIDA DE MENENDEZ PELAYO," AVENIDA DE MENENDEZ PELAYO, 9",9,27,-3.6799299,-3.6799299  40.4211415,40.4211415
86, CENTRO,CORTES, PASEO DEL PRADO," PASEO DEL PRADO, S/N",S/N,21,-3.6933298,-3.6933298  40.4185779,40.4185779
87, SALAMANCA,RECOLETOS, CALLE DE AYALA," CALLE DE AYALA, 44",44,24,-3.6835631,-3.6835631  40.4276717,40.4276717
88, SALAMANCA,CASTELLANA, CALLE DE VELAZQUEZ," CALLE DE VELAZQUEZ, 73",73,24,-3.6837471,-3.6837471  40.4312077,40.4312077
89, SALAMANCA,GOYA, CALLE DE AYALA," CALLE DE AYALA, 102",102,24,-3.6751716,-3.6751716  40.4272628,40.4272628
90 a, SALAMANCA,RECOLETOS, CALLE DE GOYA," CALLE DE GOYA, 18",18,24,-3.6837297,-3.6837297  40.4250878,40.4250878
90 b, SALAMANCA,RECOLETOS, CALLE DE GOYA," CALLE DE GOYA, 20",20,6,-3.6835613,-3.6835613  40.4250791,40.4250791
91, SALAMANCA,GOYA, CALLE DE HERMOSILLA," CALLE DE HERMOSILLA, 73",73,24,-3.6788203,-3.6788203  40.4261113,40.4261113
92, SALAMANCA,RECOLETOS, CALLE DE CLAUDIO COELLO," CALLE DE CLAUDIO COELLO, 45",45,24,-3.6864821,-3.6864821  40.4262237,40.4262237
93, SALAMANCA,RECOLETOS, CALLE DE GOYA," CALLE DE GOYA, 3",3,24,-3.6894124,-3.6894124  40.4256984,40.4256984
94, SALAMANCA,RECOLETOS, PASEO DE RECOLETOS," PASEO DE RECOLETOS, 22",22,21,-3.6907044,-3.6907044  40.4233686,40.4233686
95, SALAMANCA,RECOLETOS, CALLE DE CLAUDIO COELLO," CALLE DE CLAUDIO COELLO, 19",19,24,-3.6869914,-3.6869914  40.4226634,40.4226634
96, SALAMANCA,RECOLETOS, CALLE DE ALCALA," CALLE DE ALCALA, 111",111,27,-3.6820471,-3.6820471  40.4220516,40.4220516
97, SALAMANCA,GOYA, AVENIDA DE MENENDEZ PELAYO," AVENIDA DE MENENDEZ PELAYO, 1",1,27,-3.6801515,-3.6801515  40.4224846,40.4224846
98, SALAMANCA,GOYA, AVENIDA DE FELIPE II," AVENIDA DE FELIPE II, 5",5,24,-3.6754079,-3.6754079  40.4241911,40.4241911
99, SALAMANCA,GOYA, CALLE DE ALCANTARA," CALLE DE ALCANTARA, 2",2,24,-3.6739638,-3.6739638  40.4261048,40.4261048
100, SALAMANCA,GOYA, CALLE DE GOYA," CALLE DE GOYA, 99",99,24,-3.6738777,-3.6738777  40.4247843,40.4247843
101, SALAMANCA,GOYA, CALLE DE JORGE JUAN," CALLE DE JORGE JUAN, 131",131,24,-3.6694246,-3.6694246  40.4231223,40.4231223
102, SALAMANCA,RECOLETOS, CALLE DE ALCALA," CALLE DE ALCALA, 95",95,24,-3.6840806,-3.6840806  40.4211552,40.4211552
103, SALAMANCA,CASTELLANA, CALLE DE JOSE ORTEGA Y GASSET," CALLE DE JOSE ORTEGA Y GASSET, 4",4,24,-3.6865351,-3.6865351  40.4303733,40.4303733
104, SALAMANCA,RECOLETOS, PASEO DE LA CASTELLANA," PASEO DE LA CASTELLANA, 4",4,21,-3.6895792,-3.6895792  40.4267658,40.4267658
105, SALAMANCA,RECOLETOS, CALLE DE SERRANO," CALLE DE SERRANO, 46",46,24,-3.6874745,-3.6874745  40.4270684,40.4270684
106 a, SALAMANCA,RECOLETOS, CALLE DE SERRANO," CALLE DE SERRANO, 32",32,18,-3.6878868,-3.6878868  40.4248642,40.4248642
106 b, SALAMANCA,RECOLETOS, CALLE DE SERRANO," CALLE DE SERRANO, 34",34,18,-3.6878604,-3.6878604  40.4250085,40.4250085
107, SALAMANCA,RECOLETOS, CALLE DE SERRANO," CALLE DE SERRANO, 8",8,24,-3.6884243,-3.6884243  40.4215952,40.4215952
108, SALAMANCA,GOYA, CALLE DE LAS MARTIRES CONCEPCIONISTAS," CALLE DE LAS MARTIRES CONCEPCIONISTAS, 2",2,27,-3.670653,-3.670653  40.4274425,40.4274425
109, SALAMANCA,CASTELLANA, CALLE DE JOSE ORTEGA Y GASSET," CALLE DE JOSE ORTEGA Y GASSET, 32",32,24,-3.6815253,-3.6815253  40.4301281,40.4301281
110, MONCLOA-ARAVACA,CASA DE CAMPO, PASEO DE MORET," PASEO DE MORET, S/N",S/N,24,-3.7201316,-3.7201316  40.4347654,40.4347654
111 a, CHAMBERÍ,GAZTAMBIDE, CALLE DEL ARCIPRESTE DE HITA," CALLE DEL ARCIPRESTE DE HITA, 8",8,24,-3.7174896,-3.7174896  40.4335742,40.4335742
111 b, CHAMBERÍ,GAZTAMBIDE, CALLE DEL ARCIPRESTE DE HITA," CALLE DEL ARCIPRESTE DE HITA, 12",12,24,-3.7177783,-3.7177783  40.433982,40.433982
112, MONCLOA-ARAVACA,ARGÜELLES, PASEO DE MORET," PASEO DE MORET, 11",11,24,-3.7248727,-3.7248727  40.4326267,40.4326267
113, MONCLOA-ARAVACA,CASA DE CAMPO, PASEO DEL PINTOR ROSALES," PASEO DEL PINTOR ROSALES, 38",38,24,-3.7207145,-3.7207145  40.4277472,40.4277472
114, MONCLOA-ARAVACA,ARGÜELLES, CALLE DE QUINTANA," CALLE DE QUINTANA, 13",13,24,-3.7174151,-3.7174151  40.4278211,40.4278211
115, MONCLOA-ARAVACA,ARGÜELLES, PLAZA DEL MARQUES DE CERRALBO," PLAZA DEL MARQUES DE CERRALBO, S/N",S/N,24,-3.7169626,-3.7169626  40.4253802,40.4253802
116 a, MONCLOA-ARAVACA,ARGÜELLES, PLAZA DE ESPAÑA," PLAZA DE ESPAÑA, S/N",S/N,24,-3.7117588,-3.7117588  40.4240632,40.4240632
116 b, MONCLOA-ARAVACA,ARGÜELLES, PLAZA DE ESPAÑA," PLAZA DE ESPAÑA, S/N",S/N,24,-3.7118457,-3.7118457  40.4241889,40.4241889
117, MONCLOA-ARAVACA,ARGÜELLES, CALLE DE ALTAMIRANO," CALLE DE ALTAMIRANO, 24",24,24,-3.7189152,-3.7189152  40.4309046,40.4309046
118, ARGANZUELA,PALOS DE MOGUER, CALLE DE JUAN MARTIN EL EMPECINADO," CALLE DE JUAN MARTIN EL EMPECINADO, 16",16,24,-3.688135,-3.688135  40.4007959,40.4007959
119, ARGANZUELA,ATOCHA, CALLE DE MENDEZ ALVARO," CALLE DE MENDEZ ALVARO, 7",7,24,-3.6865777,-3.6865777  40.4014567,40.4014567
120, ARGANZUELA,PALOS DE MOGUER, CALLE DE PALOS DE LA FRONTERA," CALLE DE PALOS DE LA FRONTERA, 27",27,24,-3.6947791,-3.6947791  40.4030362,40.4030362
121, ARGANZUELA,PALOS DE MOGUER, PASEO DE SANTA MARIA DE LA CABEZA," PASEO DE SANTA MARIA DE LA CABEZA, 58",58,24,-3.6986046,-3.6986046  40.4018356,40.4018356
122, CHAMBERÍ,ALMAGRO, CALLE DE SANTA ENGRACIA," CALLE DE SANTA ENGRACIA, 16",16,24,-3.6962626,-3.6962626  40.429524,40.429524
123, CHAMBERÍ,GAZTAMBIDE, CALLE DE GUZMAN EL BUENO," CALLE DE GUZMAN EL BUENO, 2",2,24,-3.7134685,-3.7134685  40.4306386,40.4306386
124, CHAMBERÍ,TRAFALGAR, CALLE DE MANUEL SILVELA," CALLE DE MANUEL SILVELA, 18",18,24,-3.6993182,-3.6993182  40.4308173,40.4308173
125, CHAMBERÍ,ALMAGRO, CALLE DE FERNANDEZ DE LA HOZ," CALLE DE FERNANDEZ DE LA HOZ, 29",29,24,-3.6948316,-3.6948316  40.4353128,40.4353128
126, CHAMBERÍ,TRAFALGAR, CALLE DEL GENERAL ALVAREZ DE CASTRO," CALLE DEL GENERAL ALVAREZ DE CASTRO, 4",4,24,-3.7017424,-3.7017424  40.4345672,40.4345672
127, CHAMBERÍ,ARAPILES, CALLE DE FERNANDO EL CATOLICO," CALLE DE FERNANDO EL CATOLICO, 19",19,24,-3.7083987,-3.7083987  40.4339055,40.4339055
128 a, CHAMBERÍ,GAZTAMBIDE, CALLE DE CEA BERMUDEZ," CALLE DE CEA BERMUDEZ, 59",59,24,-3.7155506,-3.7155506  40.4390329,40.4390329
128 b, CHAMBERÍ,GAZTAMBIDE, CALLE DE CEA BERMUDEZ," CALLE DE CEA BERMUDEZ, 59",59,3,-3.7156915,-3.7156915  40.4390391,40.4390391
129, CHAMBERÍ,RÍOS ROSAS, CALLE DE JOSE ABASCAL," CALLE DE JOSE ABASCAL, 33",33,24,-3.6982818,-3.6982818  40.4384684,40.4384684
130, CHAMBERÍ,RÍOS ROSAS, CALLE DE SANTA ENGRACIA," CALLE DE SANTA ENGRACIA, 129",129,20,-3.7017071,-3.7017071  40.4417195,40.4417195
131, CHAMBERÍ,RÍOS ROSAS, CALLE DE BRAVO MURILLO," CALLE DE BRAVO MURILLO, 44",44,24,-3.704022,-3.704022  40.4417543,40.4417543
132, CHAMBERÍ,RÍOS ROSAS, CALLE DE SANTA ENGRACIA," CALLE DE SANTA ENGRACIA, 168",168,24,-3.7035911,-3.7035911  40.4463889,40.4463889
133, TETUÁN,CUATRO CAMINOS, CALLE DE DULCINEA," CALLE DE DULCINEA, 3",3,24,-3.7000292,-3.7000292  40.4471673,40.4471673
134, CHAMBERÍ,RÍOS ROSAS, CALLE DE MARIA DE GUZMAN," CALLE DE MARIA DE GUZMAN, 58",58,24,-3.6955114,-3.6955114  40.444027,40.444027
135, CHAMBERÍ,RÍOS ROSAS, PLAZA DE SAN JUAN DE LA CRUZ," PLAZA DE SAN JUAN DE LA CRUZ, S/N",S/N,24,-3.6928901,-3.6928901  40.4414845,40.4414845
136, CHAMARTÍN,EL VISO, PASEO DE LA CASTELLANA," PASEO DE LA CASTELLANA, 106",106,24,-3.6908127,-3.6908127  40.4452833,40.4452833
137, CHAMARTÍN,EL VISO, PLAZA DE LA REPUBLICA ARGENTINA," PLAZA DE LA REPUBLICA ARGENTINA, 6",6,24,-3.6852925,-3.6852925  40.4454958,40.4454958
138, CHAMBERÍ,RÍOS ROSAS, PASEO DE LA CASTELLANA," PASEO DE LA CASTELLANA, 108",108,24,-3.6915818,-3.6915818  40.4456884,40.4456884
139, CHAMARTÍN,EL VISO, CALLE DE JOSE GUTIERREZ ABASCAL," CALLE DE JOSE GUTIERREZ ABASCAL, S/N",S/N,24,-3.6904495,-3.6904495  40.4393558,40.4393558
140 a, CHAMARTÍN,EL VISO, CALLE DE VELAZQUEZ," CALLE DE VELAZQUEZ, 134",134,24,-3.6829045,-3.6829045  40.438628,40.438628
140 b, CHAMARTÍN,EL VISO, CALLE DE VELAZQUEZ," CALLE DE VELAZQUEZ, 134",134,3,-3.6829127,-3.6829127  40.4385198,40.4385198
141, CHAMBERÍ,ALMAGRO, PASEO DE LA CASTELLANA," PASEO DE LA CASTELLANA, 43",43,12,-3.6892902,-3.6892902  40.4354253,40.4354253
142, SALAMANCA,CASTELLANA, PASEO DE LA CASTELLANA," PASEO DE LA CASTELLANA, S/N",S/N,24,-3.6880402,-3.6880402  40.4335262,40.4335262
143, SALAMANCA,LISTA, CALLE DE DIEGO DE LEON," CALLE DE DIEGO DE LEON, 54",54,24,-3.6782355,-3.6782355  40.434616,40.434616
144, SALAMANCA,LISTA, CALLE DE JUAN BRAVO," CALLE DE JUAN BRAVO, 50",50,24,-3.6754628,-3.6754628  40.4323192,40.4323192
145, SALAMANCA,LISTA, CALLE DE JOSE ORTEGA Y GASSET," CALLE DE JOSE ORTEGA Y GASSET, 87",87,24,-3.671401,-3.671401  40.4297717,40.4297717
146, CHAMARTÍN,EL VISO, CALLE DE MARIA FRANCISCA," CALLE DE MARIA FRANCISCA, 1",1,18,-3.67879,-3.67879  40.4442406,40.4442406
147, CHAMARTÍN,EL VISO, AVENIDA DEL DOCTOR ARCE," AVENIDA DEL DOCTOR ARCE, 45",45,24,-3.6795811,-3.6795811  40.4483353,40.4483353
148, CHAMARTÍN,EL VISO, CALLE DE SERRANO," CALLE DE SERRANO, 210",210,24,-3.6816993,-3.6816993  40.4510203,40.4510203
149, CHAMARTÍN,EL VISO, PASEO DE LA HABANA," PASEO DE LA HABANA, 42",42,24,-3.6878512,-3.6878512  40.4498448,40.4498448
150, CHAMARTÍN,EL VISO, PASEO DE LA CASTELLANA," PASEO DE LA CASTELLANA, S/N",S/N,24,-3.690541,-3.690541  40.4491125,40.4491125
151, TETUÁN,CUATRO CAMINOS, CALLE DE ORENSE," CALLE DE ORENSE, 10",10,24,-3.6952023,-3.6952023  40.4488617,40.4488617
152, TETUÁN,CUATRO CAMINOS, AVENIDA DEL GENERAL PERON," AVENIDA DEL GENERAL PERON, 4",4,24,-3.6989497,-3.6989497  40.4527163,40.4527163
153, TETUÁN,CUATRO CAMINOS, AVENIDA DEL GENERAL PERON," AVENIDA DEL GENERAL PERON, 36",36,24,-3.6930894,-3.6930894  40.45235,40.45235
154, TETUÁN,CUATRO CAMINOS, CALLE DE ORENSE," CALLE DE ORENSE, 36",36,24,-3.6946736,-3.6946736  40.4547769,40.4547769
155, TETUÁN,CUATRO CAMINOS, CALLE DE SAN GERMÁN," CALLE DE SAN GERMÁN, 55",55,24,-3.700864,-3.700864  40.4572863,40.4572863
156, TETUÁN,CASTILLEJOS, CALLE DE SOR ANGELA DE LA CRUZ," CALLE DE SOR ANGELA DE LA CRUZ, 2",2,24,-3.6913229,-3.6913229  40.4592406,40.4592406
157, CHAMARTÍN,NUEVA ESPAÑA, PASEO DE LA CASTELLANA," PASEO DE LA CASTELLANA, S/N",S/N,24,-3.6893305,-3.6893305  40.459282,40.459282
158, CHAMARTÍN,HISPANOAMÉRICA, AVENIDA DE ALBERTO ALCOCER," AVENIDA DE ALBERTO ALCOCER, 22 A",22 A,24,-3.6847049,-3.6847049  40.45862,40.45862
159, CHAMARTÍN,HISPANOAMÉRICA, PASEO DE LA HABANA," PASEO DE LA HABANA, 63",63,24,-3.6837348,-3.6837348  40.4542549,40.4542549
160, CHAMARTÍN,HISPANOAMÉRICA, CALLE DE COLOMBIA," CALLE DE COLOMBIA, 7",7,24,-3.6766176,-3.6766176  40.4571995,40.4571995
161 a, MONCLOA-ARAVACA,CASA DE CAMPO, PASEO DE LA FLORIDA," PASEO DE LA FLORIDA, 8",8,24,-3.7220624,-3.7220624  40.4221372,40.4221372
161 b, MONCLOA-ARAVACA,CASA DE CAMPO, PASEO DE LA FLORIDA," PASEO DE LA FLORIDA, 6",6,3,-3.7219659,-3.7219659  40.4220566,40.4220566
162, ARGANZUELA,ACACIAS, PASEO DE LOS OLMOS," PASEO DE LOS OLMOS, 28",28,24,-3.7107559,-3.7107559  40.4035176,40.4035176
163, ARGANZUELA,ACACIAS, PASEO DE LA ESPERANZA," PASEO DE LA ESPERANZA, 1",1,21,-3.7064372,-3.7064372  40.4036349,40.4036349
164, ARGANZUELA,DELICIAS, PASEO DE LAS DELICIAS," PASEO DE LAS DELICIAS, 94",94,24,-3.6944851,-3.6944851  40.3971366,40.3971366
165, ARGANZUELA,CHOPERA, PASEO DE LA CHOPERA," PASEO DE LA CHOPERA, 49",49,27,-3.6976134,-3.6976134  40.3928841,40.3928841
166, CENTRO,PALACIO, CALLE DE SEGOVIA," CALLE DE SEGOVIA, 21",21,24,-3.7133382,-3.7133382  40.4139396,40.4139396
167, ARGANZUELA,IMPERIAL, CALLE DE SEGOVIA," CALLE DE SEGOVIA, 47 A",47 A,24,-3.7176456,-3.7176456  40.4137331,40.4137331
168, ARGANZUELA,PALOS DE MOGUER, PASEO DE SANTA MARIA DE LA CABEZA," PASEO DE SANTA MARIA DE LA CABEZA, 32",32,24,-3.6959159,-3.6959159  40.4045828,40.4045828
169, ARGANZUELA,ACACIAS, CALLE DE TOLEDO," CALLE DE TOLEDO, 181",181,24,-3.713846,-3.713846  40.401578,40.401578
170, ARGANZUELA,ACACIAS, PASEO DE LA ESPERANZA," PASEO DE LA ESPERANZA, 21",21,24,-3.704403,-3.704403  40.4011039,40.4011039
171, ARGANZUELA,DELICIAS, CALLE DE EMBAJADORES," CALLE DE EMBAJADORES, 97",97,24,-3.6984459,-3.6984459  40.3997626,40.3997626
172, ARGANZUELA,PALOS DE MOGUER, CALLE DE BUSTAMANTE," CALLE DE BUSTAMANTE, 1",1,24,-3.6935448,-3.6935448  40.4008683,40.4008683
173, ARGANZUELA,ACACIAS, PASEO DE LA ESPERANZA," PASEO DE LA ESPERANZA, 59",59,24,-3.7023615,-3.7023615  40.3981757,40.3981757
174, ARGANZUELA,ACACIAS, PASEO DE LAS YESERIAS," PASEO DE LAS YESERIAS, 8",8,27,-3.7063771,-3.7063771  40.397417,40.397417
175, ARGANZUELA,CHOPERA, CALLE DE JAIME EL CONQUISTADOR," CALLE DE JAIME EL CONQUISTADOR, 30",30,21,-3.6983033,-3.6983033  40.3962687,40.3962687
176, ARGANZUELA,DELICIAS, CALLE DE ALICANTE," CALLE DE ALICANTE, 3",3,24,-3.6936302,-3.6936302  40.3942411,40.3942411
177, ARGANZUELA,DELICIAS, CALLE DE BOLIVAR," CALLE DE BOLIVAR, 3",3,24,-3.694087,-3.694087  40.3915019,40.3915019
178, RETIRO,PACÍFICO, CALLE DE LEON GIL DE PALACIO," CALLE DE LEON GIL DE PALACIO, 1",1,24,-3.6788939,-3.6788939  40.4030242,40.4030242
179, PUENTE DE VALLECAS,SAN DIEGO, AUTOVIA M-30," AUTOVIA M-30, S/N",S/N,24,-3.6690602,-3.6690602  40.3979341,40.3979341
180, ARGANZUELA,ATOCHA, CALLE DE LA RETAMA," CALLE DE LA RETAMA, 5",5,24,-3.6759244,-3.6759244  40.3941252,40.3941252
181, RETIRO,IBIZA, CALLE DE IBIZA," CALLE DE IBIZA, 18",18,27,-3.67664,-3.67664  40.4181748,40.4181748
182, RETIRO,ESTRELLA, CALLE DEL ALCALDE SAINZ DE BARANDA," CALLE DEL ALCALDE SAINZ DE BARANDA, 90",90,24,-3.6655023,-3.6655023  40.4187145,40.4187145
183, SALAMANCA,GOYA, CALLE DE HERMOSILLA," CALLE DE HERMOSILLA, 135",135,24,-3.6694506,-3.6694506  40.4256358,40.4256358
184, SALAMANCA,FUENTE DEL BERRO, PASEO DEL MARQUES DE ZAFRA," PASEO DEL MARQUES DE ZAFRA, 24",24,24,-3.6653095,-3.6653095  40.4260023,40.4260023
185, SALAMANCA,FUENTE DEL BERRO, GLORIETA DEL MARQUES DE ZAFRA," GLORIETA DEL MARQUES DE ZAFRA, 4",4,24,-3.661533,-3.661533  40.4250682,40.4250682
186, SALAMANCA,LISTA, CALLE DEL GENERAL PARDIÑAS," CALLE DEL GENERAL PARDIÑAS, 56",56,24,-3.6782783,-3.6782783  40.429069,40.429069
187, SALAMANCA,FUENTE DEL BERRO, CALLE DE ALEJANDRO GONZALEZ," CALLE DE ALEJANDRO GONZALEZ, 1",1,24,-3.6638407,-3.6638407  40.4301353,40.4301353
188, CIUDAD LINEAL,VENTAS, AVENIDA DE DAROCA," AVENIDA DE DAROCA, 2",2,27,-3.6589062,-3.6589062  40.4311658,40.4311658
189, CIUDAD LINEAL,CONCEPCIÓN, CALLE DE LA VIRGEN DE LA ALEGRIA," CALLE DE LA VIRGEN DE LA ALEGRIA, 18",18,24,-3.6555431,-3.6555431  40.4350206,40.4350206
190, SALAMANCA,CASTELLANA, CALLE DE VELAZQUEZ," CALLE DE VELAZQUEZ, 91",91,24,-3.6834711,-3.6834711  40.4343761,40.4343761
191, SALAMANCA,GUINDALERA, CALLE DE ALONSO HEREDIA," CALLE DE ALONSO HEREDIA, 1",1,18,-3.6740365,-3.6740365  40.4346168,40.4346168
192, SALAMANCA,GUINDALERA, AVENIDA DE LOS TOREROS," AVENIDA DE LOS TOREROS, 3",3,27,-3.6714315,-3.6714315  40.431855,40.431855
193, SALAMANCA,GUINDALERA, AVENIDA DE LOS TOREROS," AVENIDA DE LOS TOREROS, 47",47,24,-3.665644,-3.665644  40.4325204,40.4325204
194, SALAMANCA,GUINDALERA, CALLE DE FRANCISCO SILVELA," CALLE DE FRANCISCO SILVELA, 86",86,24,-3.6771947,-3.6771947  40.4371986,40.4371986
195, CHAMARTÍN,PROSPERIDAD, CALLE DEL PADRE INDALECIO HERNANDEZ," CALLE DEL PADRE INDALECIO HERNANDEZ, 1",1,24,-3.6754913,-3.6754913  40.4392483,40.4392483
196, CHAMARTÍN,CIUDAD JARDÍN, CALLE DE SUERO DE QUIÑONES," CALLE DE SUERO DE QUIÑONES, 2",2,24,-3.6750918,-3.6750918  40.4440957,40.4440957
197, CHAMARTÍN,EL VISO, AVENIDA DE CONCHA ESPINA," AVENIDA DE CONCHA ESPINA, S/N",S/N,24,-3.6780252,-3.6780252  40.4515501,40.4515501
198, CHAMBERÍ,ALMAGRO, GLORIETA DE RUBEN DARIO," GLORIETA DE RUBEN DARIO, 2",2,24,-3.6915713,-3.6915713  40.4331172,40.4331172
199, CHAMBERÍ,GAZTAMBIDE, CALLE DE FERNANDO EL CATOLICO," CALLE DE FERNANDO EL CATOLICO, 61",61,27,-3.7148406,-3.7148406  40.4343244,40.4343244
200, CHAMBERÍ,ARAPILES, GLORIETA DE QUEVEDO," GLORIETA DE QUEVEDO, 4",4,24,-3.704671,-3.704671  40.4336617,40.4336617
201, CHAMBERÍ,RÍOS ROSAS, CALLE DE JOSE ABASCAL," CALLE DE JOSE ABASCAL, 2",2,24,-3.7038161,-3.7038161  40.4387323,40.4387323
202, CHAMBERÍ,VALLEHERMOSO, CALLE DE SANTANDER," CALLE DE SANTANDER, S/N",S/N,24,-3.7080969,-3.7080969  40.4411686,40.4411686
203, CHAMBERÍ,VALLEHERMOSO, CALLE DEL GENERAL AMPUDIA," CALLE DEL GENERAL AMPUDIA, 2",2,24,-3.7144239,-3.7144239  40.4417547,40.4417547
204, TETUÁN,BELLAS VISTAS, CALLE DEL DOCTOR SANTERO," CALLE DEL DOCTOR SANTERO, 1",1,24,-3.7041702,-3.7041702  40.4476606,40.4476606
205, TETUÁN,BELLAS VISTAS, CALLE DE NAVARRA," CALLE DE NAVARRA, 1",1,24,-3.7033408,-3.7033408  40.4535024,40.4535024
206, TETUÁN,BERRUGUETE, CALLE DEL MARQUES DE VIANA," CALLE DEL MARQUES DE VIANA, 5",5,24,-3.6990499,-3.6990499  40.4607994,40.4607994
207, TETUÁN,VALDEACEDERAS, CALLE DE LAS AZUCENAS," CALLE DE LAS AZUCENAS, 1",1,18,-3.6973991,-3.6973991  40.4630291,40.4630291
208, CHAMARTÍN,CASTILLA, PASEO DE LA CASTELLANA," PASEO DE LA CASTELLANA, S/N",S/N,24,-3.6886852,-3.6886852  40.4665125,40.4665125
209, CHAMARTÍN,NUEVA ESPAÑA, PLAZA DE CASTILLA," PLAZA DE CASTILLA, 9",9,24,-3.6887875,-3.6887875  40.4656872,40.4656872
210, CENTRO,SOL, CALLE DE LAS TRES CRUCES," CALLE DE LAS TRES CRUCES, 9",9,27,-3.702631,-3.702631  40.4197538,40.4197538
211, CENTRO,UNIVERSIDAD, CALLE DEL DESENGAÑO," CALLE DEL DESENGAÑO, 3",3,24,-3.7025369,-3.7025369  40.4206168,40.4206168
212, CARABANCHEL,SAN ISIDRO, GLORIETA DEL MARQUES DE VADILLO," GLORIETA DEL MARQUES DE VADILLO, 9",9,24,-3.7165313,-3.7165313  40.3981605,40.3981605
213, USERA,MOSCARDÓ, CALLE DE ANTONIO LOPEZ," CALLE DE ANTONIO LOPEZ, 129",129,24,-3.7001575,-3.7001575  40.3889363,40.3889363
214, CIUDAD LINEAL,SAN PASCUAL, CALLE DE LA CONDESA DE VENADITO," CALLE DE LA CONDESA DE VENADITO, 2",2,24,-3.6569597,-3.6569597  40.4434012,40.4434012
215, CIUDAD LINEAL,PUEBLO NUEVO, CALLE DE GUTIERRE DE CETINA," CALLE DE GUTIERRE DE CETINA, 77",77,24,-3.6409697,-3.6409697  40.4296903,40.4296903
216, LATINA,PUERTA DEL ÁNGEL, PLAZA DE LA PUERTA DEL ANGEL," PLAZA DE LA PUERTA DEL ANGEL, 3",3,24,-3.7288948,-3.7288948  40.4140528,40.4140528
217, FUENCARRAL-EL PARDO,LA PAZ, CALLE DE PEDRO RICO," CALLE DE PEDRO RICO, 4",4,24,-3.6891094,-3.6891094  40.4810028,40.4810028
218, MORATALAZ,MEDIA LEGUA, CALLE DEL CAMINO DE LOS VINATEROS," CALLE DEL CAMINO DE LOS VINATEROS, 28",28,24,-3.6573999,-3.6573999  40.4105519,40.4105519
219, MORATALAZ,MARROQUINA, CALLE DEL CAMINO DE LOS VINATEROS," CALLE DEL CAMINO DE LOS VINATEROS, 108",108,24,-3.6467783,-3.6467783  40.4083961,40.4083961
220, MORATALAZ,MEDIA LEGUA, CALLE DEL ARROYO DE LAS PILILLAS," CALLE DEL ARROYO DE LAS PILILLAS, 4",4,24,-3.6514264,-3.6514264  40.4061548,40.4061548
221, MORATALAZ,PAVONES, CALLE DE LA HACIENDA DE PAVONES," CALLE DE LA HACIENDA DE PAVONES, 346",346,24,-3.6346859,-3.6346859  40.4004579,40.4004579
222, USERA,MOSCARDÓ, CALLE DE EUGENIO CAXES," CALLE DE EUGENIO CAXES, 5",5,24,-3.7026887,-3.7026887  40.3917816,40.3917816
223, LATINA,CÁRMENES, PASEO DE LA ERMITA DEL SANTO," PASEO DE LA ERMITA DEL SANTO, 48",48,24,-3.7245226,-3.7245226  40.4064341,40.4064341
224, LATINA,PUERTA DEL ÁNGEL, CALLE DE CARAMUEL," CALLE DE CARAMUEL, 52",52,24,-3.7288262,-3.7288262  40.408882,40.408882
225, PUENTE DE VALLECAS,NUMANCIA, CALLE DE LA SIERRA TOLEDANA," CALLE DE LA SIERRA TOLEDANA, 33",33,24,-3.6601933,-3.6601933  40.4026388,40.4026388
226, PUENTE DE VALLECAS,NUMANCIA, CAMINO DE VALDERRIBAS," CAMINO DE VALDERRIBAS, 94",94,24,-3.6606789,-3.6606789  40.3991986,40.3991986
227, PUENTE DE VALLECAS,SAN DIEGO, CALLE DEL ARROYO DEL OLIVAR," CALLE DEL ARROYO DEL OLIVAR, 4",4,24,-3.6661421,-3.6661421  40.3940355,40.3940355
228, CARABANCHEL,COMILLA, CALLE DE SAN DELFIN," CALLE DE SAN DELFIN, 9",9,24,-3.7080437,-3.7080437  40.3943842,40.3943842
229, CIUDAD LINEAL,CONCEPCIÓN, CALLE DE JOSE DEL HIERRO," CALLE DE JOSE DEL HIERRO, 5",5,24,-3.6486507,-3.6486507  40.4370782,40.4370782
230, CIUDAD LINEAL,SAN PASCUAL, CALLE DE CARLOTA O'NEILL," CALLE DE CARLOTA O'NEILL, 32",32,24,-3.6491034,-3.6491034  40.4436986,40.4436986
231, CIUDAD LINEAL,SAN PASCUAL, CALLE DE LOS DERECHOS HUMANOS," CALLE DE LOS DERECHOS HUMANOS, 14",14,24,-3.6558172,-3.6558172  40.439748,40.439748
232, CIUDAD LINEAL,VENTAS, CALLE DE JOSE MARIA PEREDA," CALLE DE JOSE MARIA PEREDA, 1",1,24,-3.6485701,-3.6485701  40.4328362,40.4328362
233, CIUDAD LINEAL,VENTAS, AVENIDA DEL MARQUES DE CORBERA," AVENIDA DEL MARQUES DE CORBERA, 12",12,24,-3.655633,-3.655633  40.4229144,40.4229144
234, CIUDAD LINEAL,VENTAS, AVENIDA DEL MARQUES DE CORBERA," AVENIDA DEL MARQUES DE CORBERA, 52",52,24,-3.651125,-3.651125  40.426163,40.426163
235, ARGANZUELA,LEGAZPI, CALLE DEL SODIO," CALLE DEL SODIO, 1 B",1 B,24,-3.6911834,-3.6911834  40.3889853,40.3889853
236, ARGANZUELA,IMPERIAL, PASEO IMPERIAL," PASEO IMPERIAL, 20",20,24,-3.7171449,-3.7171449  40.4074236,40.4074236
237, TETUÁN,BELLAS VISTAS, CALLE DE FRANCISCO BALSEIRO," CALLE DE FRANCISCO BALSEIRO, S/N",S/N,24,-3.7105146,-3.7105146  40.451395,40.451395
238, TETUÁN,CUATRO CAMINOS, CALLE DE SAN GERMÁN," CALLE DE SAN GERMÁN, 5",5,24,-3.6932474,-3.6932474  40.4562183,40.4562183
239, TETUÁN,BERRUGUETE, CALLE DE FRANCOS RODRIGUEZ," CALLE DE FRANCOS RODRIGUEZ, 62",62,24,-3.7079276,-3.7079276  40.4567345,40.4567345
240, SALAMANCA,GUINDALERA, AVENIDA DE BRASILIA," AVENIDA DE BRASILIA, 9",9,24,-3.6609886,-3.6609886  40.4367138,40.4367138
241, SALAMANCA,GUINDALERA, AVENIDA DE CAMILO JOSE CELA," AVENIDA DE CAMILO JOSE CELA, 23",23,24,-3.6677796,-3.6677796  40.4377568,40.4377568
242, SALAMANCA,GUINDALERA, AVENIDA DE BRUSELAS," AVENIDA DE BRUSELAS, 56",56,24,-3.6629058,-3.6629058  40.4394662,40.4394662
243, SALAMANCA,GUINDALERA, CALLE DE CARTAGENA," CALLE DE CARTAGENA, 38",38,24,-3.6700894,-3.6700894  40.4351648,40.4351648
244, CHAMBERÍ,VALLEHERMOSO, CALLE DE ISAAC PERAL," CALLE DE ISAAC PERAL, 44",44,24,-3.7175468,-3.7175468  40.4398513,40.4398513
245, CHAMBERÍ,ARAPILES, CALLE DE GALILEO," CALLE DE GALILEO, 63",63,24,-3.7101726,-3.7101726  40.4364656,40.4364656
246, CHAMBERÍ,TRAFALGAR, CALLE DE SANTA ENGRACIA," CALLE DE SANTA ENGRACIA, 87",87,24,-3.699252,-3.699252  40.436026,40.436026
247, CHAMBERÍ,RÍOS ROSAS, CALLE DE ZURBANO," CALLE DE ZURBANO, 90",90,24,-3.692843,-3.692843  40.4383672,40.4383672
248, FUENCARRAL-EL PARDO,LA PAZ, CALLE DE SINESIO DELGADO," CALLE DE SINESIO DELGADO, 2",2,24,-3.6878414,-3.6878414  40.4743243,40.4743243
249, CHAMARTÍN,CASTILLA, PASEO DE LA CASTELLANA," PASEO DE LA CASTELLANA, 298",298,24,-3.6852959,-3.6852959  40.4794159,40.4794159
250, CHAMARTÍN,EL VISO, CALLE DE SERRANO," CALLE DE SERRANO, 113 b",113 b,24,-3.6861,-3.6861  40.4408151,40.4408151
251, CHAMARTÍN,PROSPERIDAD, CALLE DE SANTA HORTENSIA," CALLE DE SANTA HORTENSIA, 31",31,24,-3.6668532,-3.6668532  40.444183,40.444183
252, CHAMARTÍN,CASTILLA, CALLE DE RODRIGUEZ JAEN," CALLE DE RODRIGUEZ JAEN, S/N",S/N,24,-3.6839094,-3.6839094  40.4715645,40.4715645
253, CHAMARTÍN,HISPANOAMÉRICA, CALLE DEL DOCTOR FLEMING," CALLE DEL DOCTOR FLEMING, 7",7,24,-3.688443,-3.688443  40.455606,40.455606
254, CHAMARTÍN,NUEVA ESPAÑA, AVENIDA DE PIO XII," AVENIDA DE PIO XII, 3",3,24,-3.6765549,-3.6765549  40.4610436,40.4610436
255, CHAMARTÍN,NUEVA ESPAÑA, CALLE DEL GENERAL LOPEZ POZAS," CALLE DEL GENERAL LOPEZ POZAS, 2",2,24,-3.6851815,-3.6851815  40.4637286,40.4637286
256, MONCLOA-ARAVACA,CIUDAD UNIVERSITARIA, CALLE DE BEATRIZ DE BOBADILLA," CALLE DE BEATRIZ DE BOBADILLA, 2",2,24,-3.7138353,-3.7138353  40.4463599,40.4463599
257, MONCLOA-ARAVACA,CIUDAD UNIVERSITARIA, AVENIDA DE JUAN DE HERRERA," AVENIDA DE JUAN DE HERRERA, 1",1,24,-3.73029,-3.73029  40.438804,40.438804
258, MONCLOA-ARAVACA,CIUDAD UNIVERSITARIA, AVENIDA COMPLUTENSE," AVENIDA COMPLUTENSE, 14",14,24,-3.7273004,-3.7273004  40.449019,40.449019
259, MONCLOA-ARAVACA,CIUDAD UNIVERSITARIA, PLAZA DE RAMON Y CAJAL," PLAZA DE RAMON Y CAJAL, S/N",S/N,24,-3.727031,-3.727031  40.4444176,40.4444176
260, MONCLOA-ARAVACA,CIUDAD UNIVERSITARIA, CALLE DE JOSE ANTONIO NOVAIS," CALLE DE JOSE ANTONIO NOVAIS, S/N",S/N,24,-3.7272637,-3.7272637  40.4482316,40.4482316
261, MONCLOA-ARAVACA,CIUDAD UNIVERSITARIA, AVENIDA COMPLUTENSE," AVENIDA COMPLUTENSE, 7",7,24,-3.7292576,-3.7292576  40.4505032,40.4505032
