Numero,Distrito,Barrio,Calle,Direccion,N_Finca,Numero_de_Plazas,Ciudad,Longitud,Point,Latitud
1a,CENTRO,SOL,CALLE_DE_ALCALA,"CALLE DE ALCALA, 2",2,30,Madrid,-3.701998,POINT(-3.701998  40.4171107),40.4171107
1b,CENTRO,SOL,CALLE_DE_ALCALA,"CALLE DE ALCALA, 6",6,30,Madrid,-3.7015636,POINT(-3.7015636  40.4172132),40.4172132
2,CENTRO,UNIVERSIDAD,CALLE_DE_MIGUEL_MOYA,"CALLE DE MIGUEL MOYA, 1",1,24,Madrid,-3.7056739,POINT(-3.7056739  40.42058),40.42058
3,CHAMBERI,ARAPILES,PLAZA_DEL_CONDE_DEL_VALLE_DE_SUCHIL,"PLAZA DEL CONDE DEL VALLE DE SUCHIL, 2",2,18,Madrid,-3.7072122,POINT(-3.7072122  40.4303224),40.4303224
4,CENTRO,UNIVERSIDAD,CALLE_DE_MANUELA_MALASANA,"CALLE DE MANUELA MALASAÑA, 3",3,24,Madrid,-3.7026739,POINT(-3.7026739  40.4285905),40.4285905
5,CENTRO,JUSTICIA,CALLE_DE_FUENCARRAL,"CALLE DE FUENCARRAL, 106",106,27,Madrid,-3.7020743,POINT(-3.7020743  40.428362),40.428362
6,CENTRO,JUSTICIA,CALLE_DE_HORTALEZA,"CALLE DE HORTALEZA, 63",63,24,Madrid,-3.6984093,POINT(-3.6984093  40.4241633),40.4241633
7,CENTRO,JUSTICIA,CALLE_DE_HORTALEZA,"CALLE DE HORTALEZA, 75",75,21,Madrid,-3.6977399,POINT(-3.6977399  40.4252161),40.4252161
8,CHAMBERI,ALMAGRO,PLAZA_DE_ALONSO_MARTINEZ,"PLAZA DE ALONSO MARTINEZ, 6",6,24,Madrid,-3.6953067,POINT(-3.6953067  40.4277143),40.4277143
9,CENTRO,PALACIO,PLAZA_DE_SAN_MIGUEL,"PLAZA DE SAN MIGUEL, 9",9,24,Madrid,-3.7094093,POINT(-3.7094093  40.4156134),40.4156134
10,CENTRO,JUSTICIA,CALLE_DEL_MARQUES_DE_LA_ENSENADA,"CALLE DEL MARQUES DE LA ENSENADA, 16",16,24,Madrid,-3.6920816,POINT(-3.6920816  40.4254027),40.4254027
11,CENTRO,UNIVERSIDAD,CALLE_DE_SAN_ANDRES,"CALLE DE SAN ANDRES, 20",20,24,Madrid,-3.7036192,POINT(-3.7036192  40.4270517),40.4270517
12,CENTRO,UNIVERSIDAD,CALLE_DE_SAN_BERNARDO,"CALLE DE SAN BERNARDO, 87",87,24,Madrid,-3.7062202,POINT(-3.7062202  40.4285271),40.4285271
13,CENTRO,UNIVERSIDAD,CALLE_DEL_CONDE_DUQUE,"CALLE DEL CONDE DUQUE, 22",22,24,Madrid,-3.7104727,POINT(-3.7104727  40.4273652),40.4273652
14,MONCLOA-ARAVACA,ARGUELLES,CALLE_DE_VENTURA_RODRIGUEZ,"CALLE DE VENTURA RODRIGUEZ, 1",1,24,Madrid,-3.7133768,POINT(-3.7133768  40.4259913),40.4259913
15,CENTRO,UNIVERSIDAD,CALLE_DEL_NORTE,"CALLE DEL NORTE, 10",10,21,Madrid,-3.7073611,POINT(-3.7073611  40.4262937),40.4262937
16,CENTRO,UNIVERSIDAD,CALLE_DE_SAN_BERNARDO,"CALLE DE SAN BERNARDO, 22",22,21,Madrid,-3.7074955,POINT(-3.7074955  40.4229421),40.4229421
17,CENTRO,UNIVERSIDAD,PLAZA_DE_CARLOS_CAMBRONERO,"PLAZA DE CARLOS CAMBRONERO, 2",2,24,Madrid,-3.7041859,POINT(-3.7041859  40.4231675),40.4231675
18,CENTRO,JUSTICIA,PLAZA_DE_PEDRO_ZEROLO,"PLAZA DE PEDRO ZEROLO, 1",1,24,Madrid,-3.6995679,POINT(-3.6995679  40.4209206),40.4209206
19,CENTRO,JUSTICIA,CALLE_DE_PRIM,"CALLE DE PRIM, 4",4,24,Madrid,-3.6953951,POINT(-3.6953951  40.4218997),40.4218997
20a,CENTRO,JUSTICIA,CALLE_DE_ALCALA,"CALLE DE ALCALA, 49",49,24,Madrid,-3.6952095,POINT(-3.6952095  40.4191989),40.4191989
20b,CENTRO,JUSTICIA,CALLE_DE_ALCALA,"CALLE DE ALCALA, 49",49,6,Madrid,-3.6952901,POINT(-3.6952901  40.4191858),40.4191858
22,CENTRO,SOL,CALLE_DE_JACOMETREZO,"CALLE DE JACOMETREZO, 1",1,24,Madrid,-3.7064995,POINT(-3.7064995  40.4201452),40.4201452
23,CENTRO,PALACIO,PLAZA_DE_SANTO_DOMINGO,"PLAZA DE SANTO DOMINGO, S/N",S/N,24,Madrid,-3.7082901,POINT(-3.7082901  40.4202137),40.4202137
24,CENTRO,PALACIO,CALLE_DE_CARLOS_III,"CALLE DE CARLOS III, 1",1,24,Madrid,-3.7105866,POINT(-3.7105866  40.417906),40.417906
25a,CENTRO,SOL,PLAZA_DEL_CELENQUE,"PLAZA DEL CELENQUE, 1",1,24,Madrid,-3.7059978,POINT(-3.7059978  40.4173416),40.4173416
25b,CENTRO,SOL,PLAZA_DEL_CELENQUE,"PLAZA DEL CELENQUE, 1",1,24,Madrid,-3.7060243,POINT(-3.7060243  40.4172593),40.4172593
26,CENTRO,JUSTICIA,PLAZA_DE_LAS_SALESAS,"PLAZA DE LAS SALESAS, 8",8,24,Madrid,-3.6945421,POINT(-3.6945421  40.4238308),40.4238308
27,CENTRO,CORTES,CALLE_DE_JESUS,"CALLE DE JESUS, 6",6,27,Madrid,-3.6955803,POINT(-3.6955803  40.4132831),40.4132831
28,CENTRO,CORTES,CALLE_DE_ALCALA,"CALLE DE ALCALA, 26",26,24,Madrid,-3.6983662,POINT(-3.6983662  40.4180695),40.4180695
29,CENTRO,CORTES,CALLE_DEL_MARQUES_DE_CUBAS,"CALLE DEL MARQUES DE CUBAS, 25",25,24,Madrid,-3.6958008,POINT(-3.6958008  40.416244),40.416244
30,CENTRO,PALACIO,CALLE_DE_PAVIA,"CALLE DE PAVIA, 6",6,27,Madrid,-3.7115428,POINT(-3.7115428  40.4193355),40.4193355
31,CENTRO,SOL,CALLE_MAYOR,"CALLE MAYOR, 18",18,27,Madrid,-3.706625,POINT(-3.706625  40.4163446),40.4163446
32,CENTRO,SOL,PLAZA_DE_LA_PROVINCIA,"PLAZA DE LA PROVINCIA, 1",1,18,Madrid,-3.7061355,POINT(-3.7061355  40.4148511),40.4148511
33,CENTRO,SOL,CALLE_DE_LAS_CARRETAS,"CALLE DE LAS CARRETAS, 3",3,21,Madrid,-3.7032096,POINT(-3.7032096  40.4164757),40.4164757
34,CENTRO,CORTES,PLAZA_DE_JACINTO_BENAVENTE,"PLAZA DE JACINTO BENAVENTE, S/N",S/N,24,Madrid,-3.7035044,POINT(-3.7035044  40.4144117),40.4144117
35,CENTRO,PALACIO,PLAZA_DEL_CORDON,"PLAZA DEL CORDON, 1",1,24,Madrid,-3.7103676,POINT(-3.7103676  40.4141792),40.4141792
36,CENTRO,PALACIO,PLAZA_DE_RAMALES,"PLAZA DE RAMALES, 5",5,24,Madrid,-3.711764,POINT(-3.711764  40.4168229),40.4168229
37,CENTRO,PALACIO,PLAZA_DE_SAN_FRANCISCO,"PLAZA DE SAN FRANCISCO, 5",5,24,Madrid,-3.7141234,POINT(-3.7141234  40.4108606),40.4108606
38,CENTRO,PALACIO,CARRERA_DE_SAN_FRANCISCO,"CARRERA DE SAN FRANCISCO, 1",1,24,Madrid,-3.7114443,POINT(-3.7114443  40.4112961),40.4112961
39,CENTRO,PALACIO,PLAZA_DE_LA_CEBADA,"PLAZA DE LA CEBADA, 16",16,27,Madrid,-3.7090043,POINT(-3.7090043  40.4112662),40.4112662
40,CENTRO,EMBAJADORES,CALLE_DEL_CONDE_DE_ROMANONES,"CALLE DEL CONDE DE ROMANONES, 2",2,24,Madrid,-3.7047463,POINT(-3.7047463  40.4137865),40.4137865
41,CENTRO,EMBAJADORES,CALLE_DE_ATOCHA,"CALLE DE ATOCHA, 56",56,18,Madrid,-3.6989898,POINT(-3.6989898  40.412228),40.412228
42,CENTRO,EMBAJADORES,CALLE_DE_SANTA_ISABEL,"CALLE DE SANTA ISABEL, 32",32,24,Madrid,-3.6982294,POINT(-3.6982294  40.4107714),40.4107714
43,CENTRO,EMBAJADORES,CALLE_DE_LAVAPIES,"CALLE DE LAVAPIES, 36",36,24,Madrid,-3.7025446,POINT(-3.7025446  40.4100889),40.4100889
44,CENTRO,EMBAJADORES,CALLE_DEL_MESON_DE_PAREDES,"CALLE DEL MESON DE PAREDES, 35",35,21,Madrid,-3.7039138,POINT(-3.7039138  40.4098162),40.4098162
45,CENTRO,EMBAJADORES,GLORIETA_DE_LA_PUERTA_DE_TOLEDO,"GLORIETA DE LA PUERTA DE TOLEDO, 1",1,21,Madrid,-3.7111381,POINT(-3.7111381  40.4069486),40.4069486
46,ARGANZUELA,ACACIAS,CALLE_DE_LA_RIBERA_DE_CURTIDORES,"CALLE DE LA RIBERA DE CURTIDORES, 28",28,24,Madrid,-3.7071178,POINT(-3.7071178  40.4054496),40.4054496
47,ARGANZUELA,ACACIAS,GLORIETA_DE_EMBAJADORES,"GLORIETA DE EMBAJADORES, 7 B",7 B,24,Madrid,-3.702755,POINT(-3.702755  40.4046233),40.4046233
48,CENTRO,EMBAJADORES,GLORIETA_DE_EMBAJADORES,"GLORIETA DE EMBAJADORES, 2",2,24,Madrid,-3.7020997,POINT(-3.7020997  40.4054473),40.4054473
49,CENTRO,EMBAJADORES,RONDA_DE_ATOCHA,"RONDA DE ATOCHA, 36",36,24,Madrid,-3.6992427,POINT(-3.6992427  40.4060497),40.4060497
50,CENTRO,EMBAJADORES,CALLE_DE_SANTA_ISABEL,"CALLE DE SANTA ISABEL, 57",57,24,Madrid,-3.69322,POINT(-3.69322  40.4083102),40.4083102
51,CENTRO,EMBAJADORES,PLAZA_DEL_EMPERADOR_CARLOS_V,"PLAZA DEL EMPERADOR CARLOS V, 7",7,27,Madrid,-3.6935934,POINT(-3.6935934  40.4077234),40.4077234
52,CENTRO,CORTES,PLAZA_DE_SANTA_ANA,"PLAZA DE SANTA ANA, 9",9,24,Madrid,-3.7007838,POINT(-3.7007838  40.4145181),40.4145181
53,CENTRO,EMBAJADORES,CALLE_DE_VALENCIA,"CALLE DE VALENCIA, 2",2,24,Madrid,-3.7007295,POINT(-3.7007295  40.4082802),40.4082802
54,CENTRO,JUSTICIA,CALLE_DE_BARCELO,"CALLE DE BARCELO, 7",7,21,Madrid,-3.7003435,POINT(-3.7003435  40.4266233),40.4266233
55,CENTRO,UNIVERSIDAD,PLAZA_DE_SAN_ILDEFONSO,"PLAZA DE SAN ILDEFONSO, 8",8,24,Madrid,-3.7019295,POINT(-3.7019295  40.4240716),40.4240716
56,CENTRO,SOL,PLAZA_DEL_CARMEN,"PLAZA DEL CARMEN, 1",1,24,Madrid,-3.7032875,POINT(-3.7032875  40.418484),40.418484
57,CENTRO,UNIVERSIDAD,CALLE_DE_SANTA_CRUZ_DE_MARCENADO,"CALLE DE SANTA CRUZ DE MARCENADO, 24",24,24,Madrid,-3.7128181,POINT(-3.7128181  40.4296363),40.4296363
58,CENTRO,JUSTICIA,CALLE_DE_AUGUSTO_FIGUEROA,"CALLE DE AUGUSTO FIGUEROA, 33",33,24,Madrid,-3.6979458,POINT(-3.6979458  40.4222601),40.4222601
59,CENTRO,UNIVERSIDAD,CALLE_DEL_ESPIRITU_SANTO,"CALLE DEL ESPIRITU SANTO, 30",30,21,Madrid,-3.7041167,POINT(-3.7041167  40.4254802),40.4254802
60,RETIRO,JERONIMOS,PLAZA_DE_LA_INDEPENDENCIA,"PLAZA DE LA INDEPENDENCIA, 7",7,24,Madrid,-3.6881994,POINT(-3.6881994  40.4194508),40.4194508
61,RETIRO,IBIZA,CALLE_DE_ODONNELL,"CALLE DE O'DONNELL, 30",30,24,Madrid,-3.675206,POINT(-3.675206  40.4214379),40.4214379
62,RETIRO,IBIZA,CALLE_DE_ODONNELL,"CALLE DE O'DONNELL, 48",48,24,Madrid,-3.6724223,POINT(-3.6724223  40.4212986),40.4212986
63,RETIRO,IBIZA,CALLE_DE_IBIZA,"CALLE DE IBIZA, 64",64,24,Madrid,-3.6706508,POINT(-3.6706508  40.4178926),40.4178926
65,RETIRO,JERONIMOS,CALLE_DE_ANTONIO_MAURA,"CALLE DE ANTONIO MAURA, 15",15,24,Madrid,-3.6893825,POINT(-3.6893825  40.4166859),40.4166859
67,CENTRO,CORTES,CALLE_DE_ALMADEN,"CALLE DE ALMADEN, 28",28,24,Madrid,-3.6931349,POINT(-3.6931349  40.410829),40.410829
68,RETIRO,JERONIMOS,CALLE_DE_ESPALTER,"CALLE DE ESPALTER, 1",1,21,Madrid,-3.6911649,POINT(-3.6911649  40.412781),40.412781
69,RETIRO,JERONIMOS,CALLE_DE_ALFONSO_XII,"CALLE DE ALFONSO XII, 54",54,27,Madrid,-3.6888669,POINT(-3.6888669  40.4100609),40.4100609
70,RETIRO,JERONIMOS,AVENIDA_DE_MENENDEZ_PELAYO,"AVENIDA DE MENENDEZ PELAYO, 63",63,24,Madrid,-3.6777994,POINT(-3.6777994  40.4152203),40.4152203
71,RETIRO,NINO_JESUS,CALLE_DEL_DOCE_DE_OCTUBRE,"CALLE DEL DOCE DE OCTUBRE, 28",28,24,Madrid,-3.674021,POINT(-3.674021  40.4160054),40.4160054
72,RETIRO,NINO_JESUS,CALLE_DEL_DOCTOR_ESQUERDO,"CALLE DEL DOCTOR ESQUERDO, 62",62,24,Madrid,-3.669623,POINT(-3.669623  40.415721),40.415721
73,RETIRO,ESTRELLA,PLAZA_DE_LOS_ASTROS,"PLAZA DE LOS ASTROS, S/N",S/N,24,Madrid,-3.669099,POINT(-3.669099  40.411463),40.411463
74,RETIRO,JERONIMOS,AVENIDA_DE_MENENDEZ_PELAYO,"AVENIDA DE MENENDEZ PELAYO, S/N",S/N,24,Madrid,-3.6765768,POINT(-3.6765768  40.4117601),40.4117601
75,RETIRO,JERONIMOS,AVENIDA_DE_MENENDEZ_PELAYO,"AVENIDA DE MENENDEZ PELAYO, S/N",S/N,24,Madrid,-3.6784149,POINT(-3.6784149  40.4083387),40.4083387
76,RETIRO,NINO_JESUS,AVENIDA_DEL_MEDITERRANEO,"AVENIDA DEL MEDITERRANEO, 19",19,24,Madrid,-3.6751544,POINT(-3.6751544  40.4072851),40.4072851
77,RETIRO,PACIFICO,PLAZA_DEL_CONDE_DE_CASAL,"PLAZA DEL CONDE DE CASAL, 8",8,22,Madrid,-3.6707742,POINT(-3.6707742  40.4063347),40.4063347
78,RETIRO,ADELFAS,CALLE_DEL_CERRO_DE_LA_PLATA,"CALLE DEL CERRO DE LA PLATA, 2",2,24,Madrid,-3.6745783,POINT(-3.6745783  40.4005704),40.4005704
79,RETIRO,PACIFICO,AVENIDA_DE_MENENDEZ_PELAYO,"AVENIDA DE MENENDEZ PELAYO, 38",38,24,Madrid,-3.6805524,POINT(-3.6805524  40.4050482),40.4050482
80a,ARGANZUELA,ATOCHA,AVENIDA_DE_LA_CIUDAD_DE_BARCELONA,"AVENIDA DE LA CIUDAD DE BARCELONA, S/N",S/N,24,Madrid,-3.6904816,POINT(-3.6904816  40.4074122),40.4074122
80b,ARGANZUELA,ATOCHA,AVENIDA_DE_LA_CIUDAD_DE_BARCELONA,"AVENIDA DE LA CIUDAD DE BARCELONA, S/N",S/N,27,Madrid,-3.6907238,POINT(-3.6907238  40.407626),40.407626
81,RETIRO,JERONIMOS,CALLE_DE_CLAUDIO_MOYANO,"CALLE DE CLAUDIO MOYANO, S/N",S/N,24,Madrid,-3.6919663,POINT(-3.6919663  40.4095758),40.4095758
82,RETIRO,ESTRELLA,CALLE_DE_LA_LIRA,"CALLE DE LA LIRA, 2",2,24,Madrid,-3.669683,POINT(-3.669683  40.4084793),40.4084793
83,RETIRO,NINO_JESUS,CALLE_DE_PIO_BAROJA,"CALLE DE PIO BAROJA, 8 B",8 B,24,Madrid,-3.6745339,POINT(-3.6745339  40.4132589),40.4132589
84,RETIRO,ADELFAS,CALLE_DEL_DOCTOR_ESQUERDO,"CALLE DEL DOCTOR ESQUERDO, 191",191,24,Madrid,-3.6726923,POINT(-3.6726923  40.4033695),40.4033695
85,RETIRO,JERONIMOS,AVENIDA_DE_MENENDEZ_PELAYO,"AVENIDA DE MENENDEZ PELAYO, 9",9,27,Madrid,-3.6799299,POINT(-3.6799299  40.4211415),40.4211415
86,CENTRO,CORTES,PASEO_DEL_PRADO,"PASEO DEL PRADO, S/N",S/N,21,Madrid,-3.6933298,POINT(-3.6933298  40.4185779),40.4185779
87,SALAMANCA,RECOLETOS,CALLE_DE_AYALA,"CALLE DE AYALA, 44",44,24,Madrid,-3.6835631,POINT(-3.6835631  40.4276717),40.4276717
88,SALAMANCA,CASTELLANA,CALLE_DE_VELAZQUEZ,"CALLE DE VELAZQUEZ, 73",73,24,Madrid,-3.6837471,POINT(-3.6837471  40.4312077),40.4312077
89,SALAMANCA,GOYA,CALLE_DE_AYALA,"CALLE DE AYALA, 102",102,24,Madrid,-3.6751716,POINT(-3.6751716  40.4272628),40.4272628
90a,SALAMANCA,RECOLETOS,CALLE_DE_GOYA,"CALLE DE GOYA, 18",18,24,Madrid,-3.6837297,POINT(-3.6837297  40.4250878),40.4250878
90b,SALAMANCA,RECOLETOS,CALLE_DE_GOYA,"CALLE DE GOYA, 20",20,6,Madrid,-3.6835613,POINT(-3.6835613  40.4250791),40.4250791
91,SALAMANCA,GOYA,CALLE_DE_HERMOSILLA,"CALLE DE HERMOSILLA, 73",73,24,Madrid,-3.6788203,POINT(-3.6788203  40.4261113),40.4261113
92,SALAMANCA,RECOLETOS,CALLE_DE_CLAUDIO_COELLO,"CALLE DE CLAUDIO COELLO, 45",45,24,Madrid,-3.6864821,POINT(-3.6864821  40.4262237),40.4262237
93,SALAMANCA,RECOLETOS,CALLE_DE_GOYA,"CALLE DE GOYA, 3",3,24,Madrid,-3.6894124,POINT(-3.6894124  40.4256984),40.4256984
94,SALAMANCA,RECOLETOS,PASEO_DE_RECOLETOS,"PASEO DE RECOLETOS, 22",22,21,Madrid,-3.6907044,POINT(-3.6907044  40.4233686),40.4233686
95,SALAMANCA,RECOLETOS,CALLE_DE_CLAUDIO_COELLO,"CALLE DE CLAUDIO COELLO, 19",19,24,Madrid,-3.6869914,POINT(-3.6869914  40.4226634),40.4226634
96,SALAMANCA,RECOLETOS,CALLE_DE_ALCALA,"CALLE DE ALCALA, 111",111,27,Madrid,-3.6820471,POINT(-3.6820471  40.4220516),40.4220516
97,SALAMANCA,GOYA,AVENIDA_DE_MENENDEZ_PELAYO,"AVENIDA DE MENENDEZ PELAYO, 1",1,27,Madrid,-3.6801515,POINT(-3.6801515  40.4224846),40.4224846
98,SALAMANCA,GOYA,AVENIDA_DE_FELIPE_II,"AVENIDA DE FELIPE II, 5",5,24,Madrid,-3.6754079,POINT(-3.6754079  40.4241911),40.4241911
99,SALAMANCA,GOYA,CALLE_DE_ALCANTARA,"CALLE DE ALCANTARA, 2",2,24,Madrid,-3.6739638,POINT(-3.6739638  40.4261048),40.4261048
100,SALAMANCA,GOYA,CALLE_DE_GOYA,"CALLE DE GOYA, 99",99,24,Madrid,-3.6738777,POINT(-3.6738777  40.4247843),40.4247843
101,SALAMANCA,GOYA,CALLE_DE_JORGE_JUAN,"CALLE DE JORGE JUAN, 131",131,24,Madrid,-3.6694246,POINT(-3.6694246  40.4231223),40.4231223
102,SALAMANCA,RECOLETOS,CALLE_DE_ALCALA,"CALLE DE ALCALA, 95",95,24,Madrid,-3.6840806,POINT(-3.6840806  40.4211552),40.4211552
103,SALAMANCA,CASTELLANA,CALLE_DE_JOSE_ORTEGA_Y_GASSET,"CALLE DE JOSE ORTEGA Y GASSET, 4",4,24,Madrid,-3.6865351,POINT(-3.6865351  40.4303733),40.4303733
104,SALAMANCA,RECOLETOS,PASEO_DE_LA_CASTELLANA,"PASEO DE LA CASTELLANA, 4",4,21,Madrid,-3.6895792,POINT(-3.6895792  40.4267658),40.4267658
105,SALAMANCA,RECOLETOS,CALLE_DE_SERRANO,"CALLE DE SERRANO, 46",46,24,Madrid,-3.6874745,POINT(-3.6874745  40.4270684),40.4270684
106a,SALAMANCA,RECOLETOS,CALLE_DE_SERRANO,"CALLE DE SERRANO, 32",32,18,Madrid,-3.6878868,POINT(-3.6878868  40.4248642),40.4248642
106b,SALAMANCA,RECOLETOS,CALLE_DE_SERRANO,"CALLE DE SERRANO, 34",34,18,Madrid,-3.6878604,POINT(-3.6878604  40.4250085),40.4250085
107,SALAMANCA,RECOLETOS,CALLE_DE_SERRANO,"CALLE DE SERRANO, 8",8,24,Madrid,-3.6884243,POINT(-3.6884243  40.4215952),40.4215952
108,SALAMANCA,GOYA,CALLE_DE_LAS_MARTIRES_CONCEPCIONISTAS,"CALLE DE LAS MARTIRES CONCEPCIONISTAS, 2",2,27,Madrid,-3.670653,POINT(-3.670653  40.4274425),40.4274425
109,SALAMANCA,CASTELLANA,CALLE_DE_JOSE_ORTEGA_Y_GASSET,"CALLE DE JOSE ORTEGA Y GASSET, 32",32,24,Madrid,-3.6815253,POINT(-3.6815253  40.4301281),40.4301281
110,MONCLOA-ARAVACA,CASA_DE_CAMPO,PASEO_DE_MORET,"PASEO DE MORET, S/N",S/N,24,Madrid,-3.7201316,POINT(-3.7201316  40.4347654),40.4347654
111a,CHAMBERI,GAZTAMBIDE,CALLE_DEL_ARCIPRESTE_DE_HITA,"CALLE DEL ARCIPRESTE DE HITA, 8",8,24,Madrid,-3.7174896,POINT(-3.7174896  40.4335742),40.4335742
111b,CHAMBERI,GAZTAMBIDE,CALLE_DEL_ARCIPRESTE_DE_HITA,"CALLE DEL ARCIPRESTE DE HITA, 12",12,24,Madrid,-3.7177783,POINT(-3.7177783  40.433982),40.433982
112,MONCLOA-ARAVACA,ARGUELLES,PASEO_DE_MORET,"PASEO DE MORET, 11",11,24,Madrid,-3.7248727,POINT(-3.7248727  40.4326267),40.4326267
113,MONCLOA-ARAVACA,CASA_DE_CAMPO,PASEO_DEL_PINTOR_ROSALES,"PASEO DEL PINTOR ROSALES, 38",38,24,Madrid,-3.7207145,POINT(-3.7207145  40.4277472),40.4277472
114,MONCLOA-ARAVACA,ARGUELLES,CALLE_DE_QUINTANA,"CALLE DE QUINTANA, 13",13,24,Madrid,-3.7174151,POINT(-3.7174151  40.4278211),40.4278211
115,MONCLOA-ARAVACA,ARGUELLES,PLAZA_DEL_MARQUES_DE_CERRALBO,"PLAZA DEL MARQUES DE CERRALBO, S/N",S/N,24,Madrid,-3.7169626,POINT(-3.7169626  40.4253802),40.4253802
116a,MONCLOA-ARAVACA,ARGUELLES,PLAZA_DE_ESPANA,"PLAZA DE ESPAÑA, S/N",S/N,24,Madrid,-3.7117588,POINT(-3.7117588  40.4240632),40.4240632
116b,MONCLOA-ARAVACA,ARGUELLES,PLAZA_DE_ESPANA,"PLAZA DE ESPAÑA, S/N",S/N,24,Madrid,-3.7118457,POINT(-3.7118457  40.4241889),40.4241889
117,MONCLOA-ARAVACA,ARGUELLES,CALLE_DE_ALTAMIRANO,"CALLE DE ALTAMIRANO, 24",24,24,Madrid,-3.7189152,POINT(-3.7189152  40.4309046),40.4309046
118,ARGANZUELA,PALOS_DE_MOGUER,CALLE_DE_JUAN_MARTIN_EL_EMPECINADO,"CALLE DE JUAN MARTIN EL EMPECINADO, 16",16,24,Madrid,-3.688135,POINT(-3.688135  40.4007959),40.4007959
119,ARGANZUELA,ATOCHA,CALLE_DE_MENDEZ_ALVARO,"CALLE DE MENDEZ ALVARO, 7",7,24,Madrid,-3.6865777,POINT(-3.6865777  40.4014567),40.4014567
120,ARGANZUELA,PALOS_DE_MOGUER,CALLE_DE_PALOS_DE_LA_FRONTERA,"CALLE DE PALOS DE LA FRONTERA, 27",27,24,Madrid,-3.6947791,POINT(-3.6947791  40.4030362),40.4030362
121,ARGANZUELA,PALOS_DE_MOGUER,PASEO_DE_SANTA_MARIA_DE_LA_CABEZA,"PASEO DE SANTA MARIA DE LA CABEZA, 58",58,24,Madrid,-3.6986046,POINT(-3.6986046  40.4018356),40.4018356
122,CHAMBERI,ALMAGRO,CALLE_DE_SANTA_ENGRACIA,"CALLE DE SANTA ENGRACIA, 16",16,24,Madrid,-3.6962626,POINT(-3.6962626  40.429524),40.429524
123,CHAMBERI,GAZTAMBIDE,CALLE_DE_GUZMAN_EL_BUENO,"CALLE DE GUZMAN EL BUENO, 2",2,24,Madrid,-3.7134685,POINT(-3.7134685  40.4306386),40.4306386
124,CHAMBERI,TRAFALGAR,CALLE_DE_MANUEL_SILVELA,"CALLE DE MANUEL SILVELA, 18",18,24,Madrid,-3.6993182,POINT(-3.6993182  40.4308173),40.4308173
125,CHAMBERI,ALMAGRO,CALLE_DE_FERNANDEZ_DE_LA_HOZ,"CALLE DE FERNANDEZ DE LA HOZ, 29",29,24,Madrid,-3.6948316,POINT(-3.6948316  40.4353128),40.4353128
126,CHAMBERI,TRAFALGAR,CALLE_DEL_GENERAL_ALVAREZ_DE_CASTRO,"CALLE DEL GENERAL ALVAREZ DE CASTRO, 4",4,24,Madrid,-3.7017424,POINT(-3.7017424  40.4345672),40.4345672
127,CHAMBERI,ARAPILES,CALLE_DE_FERNANDO_EL_CATOLICO,"CALLE DE FERNANDO EL CATOLICO, 19",19,24,Madrid,-3.7083987,POINT(-3.7083987  40.4339055),40.4339055
128a,CHAMBERI,GAZTAMBIDE,CALLE_DE_CEA_BERMUDEZ,"CALLE DE CEA BERMUDEZ, 59",59,24,Madrid,-3.7155506,POINT(-3.7155506  40.4390329),40.4390329
128b,CHAMBERI,GAZTAMBIDE,CALLE_DE_CEA_BERMUDEZ,"CALLE DE CEA BERMUDEZ, 59",59,3,Madrid,-3.7156915,POINT(-3.7156915  40.4390391),40.4390391
129,CHAMBERI,RIOS_ROSAS,CALLE_DE_JOSE_ABASCAL,"CALLE DE JOSE ABASCAL, 33",33,24,Madrid,-3.6982818,POINT(-3.6982818  40.4384684),40.4384684
130,CHAMBERI,RIOS_ROSAS,CALLE_DE_SANTA_ENGRACIA,"CALLE DE SANTA ENGRACIA, 129",129,20,Madrid,-3.7017071,POINT(-3.7017071  40.4417195),40.4417195
131,CHAMBERI,RIOS_ROSAS,CALLE_DE_BRAVO_MURILLO,"CALLE DE BRAVO MURILLO, 44",44,24,Madrid,-3.704022,POINT(-3.704022  40.4417543),40.4417543
132,CHAMBERI,RIOS_ROSAS,CALLE_DE_SANTA_ENGRACIA,"CALLE DE SANTA ENGRACIA, 168",168,24,Madrid,-3.7035911,POINT(-3.7035911  40.4463889),40.4463889
133,TETUAN,CUATRO_CAMINOS,CALLE_DE_DULCINEA,"CALLE DE DULCINEA, 3",3,24,Madrid,-3.7000292,POINT(-3.7000292  40.4471673),40.4471673
134,CHAMBERI,RIOS_ROSAS,CALLE_DE_MARIA_DE_GUZMAN,"CALLE DE MARIA DE GUZMAN, 58",58,24,Madrid,-3.6955114,POINT(-3.6955114  40.444027),40.444027
135,CHAMBERI,RIOS_ROSAS,PLAZA_DE_SAN_JUAN_DE_LA_CRUZ,"PLAZA DE SAN JUAN DE LA CRUZ, S/N",S/N,24,Madrid,-3.6928901,POINT(-3.6928901  40.4414845),40.4414845
136,CHAMARTIN,EL_VISO,PASEO_DE_LA_CASTELLANA,"PASEO DE LA CASTELLANA, 106",106,24,Madrid,-3.6908127,POINT(-3.6908127  40.4452833),40.4452833
137,CHAMARTIN,EL_VISO,PLAZA_DE_LA_REPUBLICA_ARGENTINA,"PLAZA DE LA REPUBLICA ARGENTINA, 6",6,24,Madrid,-3.6852925,POINT(-3.6852925  40.4454958),40.4454958
138,CHAMBERI,RIOS_ROSAS,PASEO_DE_LA_CASTELLANA,"PASEO DE LA CASTELLANA, 108",108,24,Madrid,-3.6915818,POINT(-3.6915818  40.4456884),40.4456884
139,CHAMARTIN,EL_VISO,CALLE_DE_JOSE_GUTIERREZ_ABASCAL,"CALLE DE JOSE GUTIERREZ ABASCAL, S/N",S/N,24,Madrid,-3.6904495,POINT(-3.6904495  40.4393558),40.4393558
140a,CHAMARTIN,EL_VISO,CALLE_DE_VELAZQUEZ,"CALLE DE VELAZQUEZ, 134",134,24,Madrid,-3.6829045,POINT(-3.6829045  40.438628),40.438628
140b,CHAMARTIN,EL_VISO,CALLE_DE_VELAZQUEZ,"CALLE DE VELAZQUEZ, 134",134,3,Madrid,-3.6829127,POINT(-3.6829127  40.4385198),40.4385198
141,CHAMBERI,ALMAGRO,PASEO_DE_LA_CASTELLANA,"PASEO DE LA CASTELLANA, 43",43,12,Madrid,-3.6892902,POINT(-3.6892902  40.4354253),40.4354253
142,SALAMANCA,CASTELLANA,PASEO_DE_LA_CASTELLANA,"PASEO DE LA CASTELLANA, S/N",S/N,24,Madrid,-3.6880402,POINT(-3.6880402  40.4335262),40.4335262
143,SALAMANCA,LISTA,CALLE_DE_DIEGO_DE_LEON,"CALLE DE DIEGO DE LEON, 54",54,24,Madrid,-3.6782355,POINT(-3.6782355  40.434616),40.434616
144,SALAMANCA,LISTA,CALLE_DE_JUAN_BRAVO,"CALLE DE JUAN BRAVO, 50",50,24,Madrid,-3.6754628,POINT(-3.6754628  40.4323192),40.4323192
145,SALAMANCA,LISTA,CALLE_DE_JOSE_ORTEGA_Y_GASSET,"CALLE DE JOSE ORTEGA Y GASSET, 87",87,24,Madrid,-3.671401,POINT(-3.671401  40.4297717),40.4297717
146,CHAMARTIN,EL_VISO,CALLE_DE_MARIA_FRANCISCA,"CALLE DE MARIA FRANCISCA, 1",1,18,Madrid,-3.67879,POINT(-3.67879  40.4442406),40.4442406
147,CHAMARTIN,EL_VISO,AVENIDA_DEL_DOCTOR_ARCE,"AVENIDA DEL DOCTOR ARCE, 45",45,24,Madrid,-3.6795811,POINT(-3.6795811  40.4483353),40.4483353
148,CHAMARTIN,EL_VISO,CALLE_DE_SERRANO,"CALLE DE SERRANO, 210",210,24,Madrid,-3.6816993,POINT(-3.6816993  40.4510203),40.4510203
149,CHAMARTIN,EL_VISO,PASEO_DE_LA_HABANA,"PASEO DE LA HABANA, 42",42,24,Madrid,-3.6878512,POINT(-3.6878512  40.4498448),40.4498448
150,CHAMARTIN,EL_VISO,PASEO_DE_LA_CASTELLANA,"PASEO DE LA CASTELLANA, S/N",S/N,24,Madrid,-3.690541,POINT(-3.690541  40.4491125),40.4491125
151,TETUAN,CUATRO_CAMINOS,CALLE_DE_ORENSE,"CALLE DE ORENSE, 10",10,24,Madrid,-3.6952023,POINT(-3.6952023  40.4488617),40.4488617
152,TETUAN,CUATRO_CAMINOS,AVENIDA_DEL_GENERAL_PERON,"AVENIDA DEL GENERAL PERON, 4",4,24,Madrid,-3.6989497,POINT(-3.6989497  40.4527163),40.4527163
153,TETUAN,CUATRO_CAMINOS,AVENIDA_DEL_GENERAL_PERON,"AVENIDA DEL GENERAL PERON, 36",36,24,Madrid,-3.6930894,POINT(-3.6930894  40.45235),40.45235
154,TETUAN,CUATRO_CAMINOS,CALLE_DE_ORENSE,"CALLE DE ORENSE, 36",36,24,Madrid,-3.6946736,POINT(-3.6946736  40.4547769),40.4547769
155,TETUAN,CUATRO_CAMINOS,CALLE_DE_SAN_GERMAN,"CALLE DE SAN GERMÁN, 55",55,24,Madrid,-3.700864,POINT(-3.700864  40.4572863),40.4572863
156,TETUAN,CASTILLEJOS,CALLE_DE_SOR_ANGELA_DE_LA_CRUZ,"CALLE DE SOR ANGELA DE LA CRUZ, 2",2,24,Madrid,-3.6913229,POINT(-3.6913229  40.4592406),40.4592406
157,CHAMARTIN,NUEVA_ESPANA,PASEO_DE_LA_CASTELLANA,"PASEO DE LA CASTELLANA, S/N",S/N,24,Madrid,-3.6893305,POINT(-3.6893305  40.459282),40.459282
158,CHAMARTIN,HISPANOAMERICA,AVENIDA_DE_ALBERTO_ALCOCER,"AVENIDA DE ALBERTO ALCOCER, 22 A",22 A,24,Madrid,-3.6847049,POINT(-3.6847049  40.45862),40.45862
159,CHAMARTIN,HISPANOAMERICA,PASEO_DE_LA_HABANA,"PASEO DE LA HABANA, 63",63,24,Madrid,-3.6837348,POINT(-3.6837348  40.4542549),40.4542549
160,CHAMARTIN,HISPANOAMERICA,CALLE_DE_COLOMBIA,"CALLE DE COLOMBIA, 7",7,24,Madrid,-3.6766176,POINT(-3.6766176  40.4571995),40.4571995
161a,MONCLOA-ARAVACA,CASA_DE_CAMPO,PASEO_DE_LA_FLORIDA,"PASEO DE LA FLORIDA, 8",8,24,Madrid,-3.7220624,POINT(-3.7220624  40.4221372),40.4221372
161b,MONCLOA-ARAVACA,CASA_DE_CAMPO,PASEO_DE_LA_FLORIDA,"PASEO DE LA FLORIDA, 6",6,3,Madrid,-3.7219659,POINT(-3.7219659  40.4220566),40.4220566
162,ARGANZUELA,ACACIAS,PASEO_DE_LOS_OLMOS,"PASEO DE LOS OLMOS, 28",28,24,Madrid,-3.7107559,POINT(-3.7107559  40.4035176),40.4035176
163,ARGANZUELA,ACACIAS,PASEO_DE_LA_ESPERANZA,"PASEO DE LA ESPERANZA, 1",1,21,Madrid,-3.7064372,POINT(-3.7064372  40.4036349),40.4036349
164,ARGANZUELA,DELICIAS,PASEO_DE_LAS_DELICIAS,"PASEO DE LAS DELICIAS, 94",94,24,Madrid,-3.6944851,POINT(-3.6944851  40.3971366),40.3971366
165,ARGANZUELA,CHOPERA,PASEO_DE_LA_CHOPERA,"PASEO DE LA CHOPERA, 49",49,27,Madrid,-3.6976134,POINT(-3.6976134  40.3928841),40.3928841
166,CENTRO,PALACIO,CALLE_DE_SEGOVIA,"CALLE DE SEGOVIA, 21",21,24,Madrid,-3.7133382,POINT(-3.7133382  40.4139396),40.4139396
167,ARGANZUELA,IMPERIAL,CALLE_DE_SEGOVIA,"CALLE DE SEGOVIA, 47 A",47 A,24,Madrid,-3.7176456,POINT(-3.7176456  40.4137331),40.4137331
168,ARGANZUELA,PALOS_DE_MOGUER,PASEO_DE_SANTA_MARIA_DE_LA_CABEZA,"PASEO DE SANTA MARIA DE LA CABEZA, 32",32,24,Madrid,-3.6959159,POINT(-3.6959159  40.4045828),40.4045828
169,ARGANZUELA,ACACIAS,CALLE_DE_TOLEDO,"CALLE DE TOLEDO, 181",181,24,Madrid,-3.713846,POINT(-3.713846  40.401578),40.401578
170,ARGANZUELA,ACACIAS,PASEO_DE_LA_ESPERANZA,"PASEO DE LA ESPERANZA, 21",21,24,Madrid,-3.704403,POINT(-3.704403  40.4011039),40.4011039
171,ARGANZUELA,DELICIAS,CALLE_DE_EMBAJADORES,"CALLE DE EMBAJADORES, 97",97,24,Madrid,-3.6984459,POINT(-3.6984459  40.3997626),40.3997626
172,ARGANZUELA,PALOS_DE_MOGUER,CALLE_DE_BUSTAMANTE,"CALLE DE BUSTAMANTE, 1",1,24,Madrid,-3.6935448,POINT(-3.6935448  40.4008683),40.4008683
173,ARGANZUELA,ACACIAS,PASEO_DE_LA_ESPERANZA,"PASEO DE LA ESPERANZA, 59",59,24,Madrid,-3.7023615,POINT(-3.7023615  40.3981757),40.3981757
174,ARGANZUELA,ACACIAS,PASEO_DE_LAS_YESERIAS,"PASEO DE LAS YESERIAS, 8",8,27,Madrid,-3.7063771,POINT(-3.7063771  40.397417),40.397417
175,ARGANZUELA,CHOPERA,CALLE_DE_JAIME_EL_CONQUISTADOR,"CALLE DE JAIME EL CONQUISTADOR, 30",30,21,Madrid,-3.6983033,POINT(-3.6983033  40.3962687),40.3962687
176,ARGANZUELA,DELICIAS,CALLE_DE_ALICANTE,"CALLE DE ALICANTE, 3",3,24,Madrid,-3.6936302,POINT(-3.6936302  40.3942411),40.3942411
177,ARGANZUELA,DELICIAS,CALLE_DE_BOLIVAR,"CALLE DE BOLIVAR, 3",3,24,Madrid,-3.694087,POINT(-3.694087  40.3915019),40.3915019
178,RETIRO,PACIFICO,CALLE_DE_LEON_GIL_DE_PALACIO,"CALLE DE LEON GIL DE PALACIO, 1",1,24,Madrid,-3.6788939,POINT(-3.6788939  40.4030242),40.4030242
179,PUENTE_DE_VALLECAS,SAN_DIEGO,AUTOVIA_M-30,"AUTOVIA M-30, S/N",S/N,24,Madrid,-3.6690602,POINT(-3.6690602  40.3979341),40.3979341
180,ARGANZUELA,ATOCHA,CALLE_DE_LA_RETAMA,"CALLE DE LA RETAMA, 5",5,24,Madrid,-3.6759244,POINT(-3.6759244  40.3941252),40.3941252
181,RETIRO,IBIZA,CALLE_DE_IBIZA,"CALLE DE IBIZA, 18",18,27,Madrid,-3.67664,POINT(-3.67664  40.4181748),40.4181748
182,RETIRO,ESTRELLA,CALLE_DEL_ALCALDE_SAINZ_DE_BARANDA,"CALLE DEL ALCALDE SAINZ DE BARANDA, 90",90,24,Madrid,-3.6655023,POINT(-3.6655023  40.4187145),40.4187145
183,SALAMANCA,GOYA,CALLE_DE_HERMOSILLA,"CALLE DE HERMOSILLA, 135",135,24,Madrid,-3.6694506,POINT(-3.6694506  40.4256358),40.4256358
184,SALAMANCA,FUENTE_DEL_BERRO,PASEO_DEL_MARQUES_DE_ZAFRA,"PASEO DEL MARQUES DE ZAFRA, 24",24,24,Madrid,-3.6653095,POINT(-3.6653095  40.4260023),40.4260023
185,SALAMANCA,FUENTE_DEL_BERRO,GLORIETA_DEL_MARQUES_DE_ZAFRA,"GLORIETA DEL MARQUES DE ZAFRA, 4",4,24,Madrid,-3.661533,POINT(-3.661533  40.4250682),40.4250682
186,SALAMANCA,LISTA,CALLE_DEL_GENERAL_PARDINAS,"CALLE DEL GENERAL PARDIÑAS, 56",56,24,Madrid,-3.6782783,POINT(-3.6782783  40.429069),40.429069
187,SALAMANCA,FUENTE_DEL_BERRO,CALLE_DE_ALEJANDRO_GONZALEZ,"CALLE DE ALEJANDRO GONZALEZ, 1",1,24,Madrid,-3.6638407,POINT(-3.6638407  40.4301353),40.4301353
188,CIUDAD_LINEAL,VENTAS,AVENIDA_DE_DAROCA,"AVENIDA DE DAROCA, 2",2,27,Madrid,-3.6589062,POINT(-3.6589062  40.4311658),40.4311658
189,CIUDAD_LINEAL,CONCEPCION,CALLE_DE_LA_VIRGEN_DE_LA_ALEGRIA,"CALLE DE LA VIRGEN DE LA ALEGRIA, 18",18,24,Madrid,-3.6555431,POINT(-3.6555431  40.4350206),40.4350206
190,SALAMANCA,CASTELLANA,CALLE_DE_VELAZQUEZ,"CALLE DE VELAZQUEZ, 91",91,24,Madrid,-3.6834711,POINT(-3.6834711  40.4343761),40.4343761
191,SALAMANCA,GUINDALERA,CALLE_DE_ALONSO_HEREDIA,"CALLE DE ALONSO HEREDIA, 1",1,18,Madrid,-3.6740365,POINT(-3.6740365  40.4346168),40.4346168
192,SALAMANCA,GUINDALERA,AVENIDA_DE_LOS_TOREROS,"AVENIDA DE LOS TOREROS, 3",3,27,Madrid,-3.6714315,POINT(-3.6714315  40.431855),40.431855
193,SALAMANCA,GUINDALERA,AVENIDA_DE_LOS_TOREROS,"AVENIDA DE LOS TOREROS, 47",47,24,Madrid,-3.665644,POINT(-3.665644  40.4325204),40.4325204
194,SALAMANCA,GUINDALERA,CALLE_DE_FRANCISCO_SILVELA,"CALLE DE FRANCISCO SILVELA, 86",86,24,Madrid,-3.6771947,POINT(-3.6771947  40.4371986),40.4371986
195,CHAMARTIN,PROSPERIDAD,CALLE_DEL_PADRE_INDALECIO_HERNANDEZ,"CALLE DEL PADRE INDALECIO HERNANDEZ, 1",1,24,Madrid,-3.6754913,POINT(-3.6754913  40.4392483),40.4392483
196,CHAMARTIN,CIUDAD_JARDIN,CALLE_DE_SUERO_DE_QUINONES,"CALLE DE SUERO DE QUIÑONES, 2",2,24,Madrid,-3.6750918,POINT(-3.6750918  40.4440957),40.4440957
197,CHAMARTIN,EL_VISO,AVENIDA_DE_CONCHA_ESPINA,"AVENIDA DE CONCHA ESPINA, S/N",S/N,24,Madrid,-3.6780252,POINT(-3.6780252  40.4515501),40.4515501
198,CHAMBERI,ALMAGRO,GLORIETA_DE_RUBEN_DARIO,"GLORIETA DE RUBEN DARIO, 2",2,24,Madrid,-3.6915713,POINT(-3.6915713  40.4331172),40.4331172
199,CHAMBERI,GAZTAMBIDE,CALLE_DE_FERNANDO_EL_CATOLICO,"CALLE DE FERNANDO EL CATOLICO, 61",61,27,Madrid,-3.7148406,POINT(-3.7148406  40.4343244),40.4343244
200,CHAMBERI,ARAPILES,GLORIETA_DE_QUEVEDO,"GLORIETA DE QUEVEDO, 4",4,24,Madrid,-3.704671,POINT(-3.704671  40.4336617),40.4336617
201,CHAMBERI,RIOS_ROSAS,CALLE_DE_JOSE_ABASCAL,"CALLE DE JOSE ABASCAL, 2",2,24,Madrid,-3.7038161,POINT(-3.7038161  40.4387323),40.4387323
202,CHAMBERI,VALLEHERMOSO,CALLE_DE_SANTANDER,"CALLE DE SANTANDER, S/N",S/N,24,Madrid,-3.7080969,POINT(-3.7080969  40.4411686),40.4411686
203,CHAMBERI,VALLEHERMOSO,CALLE_DEL_GENERAL_AMPUDIA,"CALLE DEL GENERAL AMPUDIA, 2",2,24,Madrid,-3.7144239,POINT(-3.7144239  40.4417547),40.4417547
204,TETUAN,BELLAS_VISTAS,CALLE_DEL_DOCTOR_SANTERO,"CALLE DEL DOCTOR SANTERO, 1",1,24,Madrid,-3.7041702,POINT(-3.7041702  40.4476606),40.4476606
205,TETUAN,BELLAS_VISTAS,CALLE_DE_NAVARRA,"CALLE DE NAVARRA, 1",1,24,Madrid,-3.7033408,POINT(-3.7033408  40.4535024),40.4535024
206,TETUAN,BERRUGUETE,CALLE_DEL_MARQUES_DE_VIANA,"CALLE DEL MARQUES DE VIANA, 5",5,24,Madrid,-3.6990499,POINT(-3.6990499  40.4607994),40.4607994
207,TETUAN,VALDEACEDERAS,CALLE_DE_LAS_AZUCENAS,"CALLE DE LAS AZUCENAS, 1",1,18,Madrid,-3.6973991,POINT(-3.6973991  40.4630291),40.4630291
208,CHAMARTIN,CASTILLA,PASEO_DE_LA_CASTELLANA,"PASEO DE LA CASTELLANA, S/N",S/N,24,Madrid,-3.6886852,POINT(-3.6886852  40.4665125),40.4665125
209,CHAMARTIN,NUEVA_ESPANA,PLAZA_DE_CASTILLA,"PLAZA DE CASTILLA, 9",9,24,Madrid,-3.6887875,POINT(-3.6887875  40.4656872),40.4656872
210,CENTRO,SOL,CALLE_DE_LAS_TRES_CRUCES,"CALLE DE LAS TRES CRUCES, 9",9,27,Madrid,-3.702631,POINT(-3.702631  40.4197538),40.4197538
211,CENTRO,UNIVERSIDAD,CALLE_DEL_DESENGANO,"CALLE DEL DESENGAÑO, 3",3,24,Madrid,-3.7025369,POINT(-3.7025369  40.4206168),40.4206168
212,CARABANCHEL,SAN_ISIDRO,GLORIETA_DEL_MARQUES_DE_VADILLO,"GLORIETA DEL MARQUES DE VADILLO, 9",9,24,Madrid,-3.7165313,POINT(-3.7165313  40.3981605),40.3981605
213,USERA,MOSCARDO,CALLE_DE_ANTONIO_LOPEZ,"CALLE DE ANTONIO LOPEZ, 129",129,24,Madrid,-3.7001575,POINT(-3.7001575  40.3889363),40.3889363
214,CIUDAD_LINEAL,SAN_PASCUAL,CALLE_DE_LA_CONDESA_DE_VENADITO,"CALLE DE LA CONDESA DE VENADITO, 2",2,24,Madrid,-3.6569597,POINT(-3.6569597  40.4434012),40.4434012
215,CIUDAD_LINEAL,PUEBLO_NUEVO,CALLE_DE_GUTIERRE_DE_CETINA,"CALLE DE GUTIERRE DE CETINA, 77",77,24,Madrid,-3.6409697,POINT(-3.6409697  40.4296903),40.4296903
216,LATINA,PUERTA_DEL_ANGEL,PLAZA_DE_LA_PUERTA_DEL_ANGEL,"PLAZA DE LA PUERTA DEL ANGEL, 3",3,24,Madrid,-3.7288948,POINT(-3.7288948  40.4140528),40.4140528
217,FUENCARRAL-EL_PARDO,LA_PAZ,CALLE_DE_PEDRO_RICO,"CALLE DE PEDRO RICO, 4",4,24,Madrid,-3.6891094,POINT(-3.6891094  40.4810028),40.4810028
218,MORATALAZ,MEDIA_LEGUA,CALLE_DEL_CAMINO_DE_LOS_VINATEROS,"CALLE DEL CAMINO DE LOS VINATEROS, 28",28,24,Madrid,-3.6573999,POINT(-3.6573999  40.4105519),40.4105519
219,MORATALAZ,MARROQUINA,CALLE_DEL_CAMINO_DE_LOS_VINATEROS,"CALLE DEL CAMINO DE LOS VINATEROS, 108",108,24,Madrid,-3.6467783,POINT(-3.6467783  40.4083961),40.4083961
220,MORATALAZ,MEDIA_LEGUA,CALLE_DEL_ARROYO_DE_LAS_PILILLAS,"CALLE DEL ARROYO DE LAS PILILLAS, 4",4,24,Madrid,-3.6514264,POINT(-3.6514264  40.4061548),40.4061548
221,MORATALAZ,PAVONES,CALLE_DE_LA_HACIENDA_DE_PAVONES,"CALLE DE LA HACIENDA DE PAVONES, 346",346,24,Madrid,-3.6346859,POINT(-3.6346859  40.4004579),40.4004579
222,USERA,MOSCARDO,CALLE_DE_EUGENIO_CAXES,"CALLE DE EUGENIO CAXES, 5",5,24,Madrid,-3.7026887,POINT(-3.7026887  40.3917816),40.3917816
223,LATINA,CARMENES,PASEO_DE_LA_ERMITA_DEL_SANTO,"PASEO DE LA ERMITA DEL SANTO, 48",48,24,Madrid,-3.7245226,POINT(-3.7245226  40.4064341),40.4064341
224,LATINA,PUERTA_DEL_ANGEL,CALLE_DE_CARAMUEL,"CALLE DE CARAMUEL, 52",52,24,Madrid,-3.7288262,POINT(-3.7288262  40.408882),40.408882
225,PUENTE_DE_VALLECAS,NUMANCIA,CALLE_DE_LA_SIERRA_TOLEDANA,"CALLE DE LA SIERRA TOLEDANA, 33",33,24,Madrid,-3.6601933,POINT(-3.6601933  40.4026388),40.4026388
226,PUENTE_DE_VALLECAS,NUMANCIA,CAMINO_DE_VALDERRIBAS,"CAMINO DE VALDERRIBAS, 94",94,24,Madrid,-3.6606789,POINT(-3.6606789  40.3991986),40.3991986
227,PUENTE_DE_VALLECAS,SAN_DIEGO,CALLE_DEL_ARROYO_DEL_OLIVAR,"CALLE DEL ARROYO DEL OLIVAR, 4",4,24,Madrid,-3.6661421,POINT(-3.6661421  40.3940355),40.3940355
228,CARABANCHEL,COMILLA,CALLE_DE_SAN_DELFIN,"CALLE DE SAN DELFIN, 9",9,24,Madrid,-3.7080437,POINT(-3.7080437  40.3943842),40.3943842
229,CIUDAD_LINEAL,CONCEPCION,CALLE_DE_JOSE_DEL_HIERRO,"CALLE DE JOSE DEL HIERRO, 5",5,24,Madrid,-3.6486507,POINT(-3.6486507  40.4370782),40.4370782
230,CIUDAD_LINEAL,SAN_PASCUAL,CALLE_DE_CARLOTA_ONEILL,"CALLE DE CARLOTA O'NEILL, 32",32,24,Madrid,-3.6491034,POINT(-3.6491034  40.4436986),40.4436986
231,CIUDAD_LINEAL,SAN_PASCUAL,CALLE_DE_LOS_DERECHOS_HUMANOS,"CALLE DE LOS DERECHOS HUMANOS, 14",14,24,Madrid,-3.6558172,POINT(-3.6558172  40.439748),40.439748
232,CIUDAD_LINEAL,VENTAS,CALLE_DE_JOSE_MARIA_PEREDA,"CALLE DE JOSE MARIA PEREDA, 1",1,24,Madrid,-3.6485701,POINT(-3.6485701  40.4328362),40.4328362
233,CIUDAD_LINEAL,VENTAS,AVENIDA_DEL_MARQUES_DE_CORBERA,"AVENIDA DEL MARQUES DE CORBERA, 12",12,24,Madrid,-3.655633,POINT(-3.655633  40.4229144),40.4229144
234,CIUDAD_LINEAL,VENTAS,AVENIDA_DEL_MARQUES_DE_CORBERA,"AVENIDA DEL MARQUES DE CORBERA, 52",52,24,Madrid,-3.651125,POINT(-3.651125  40.426163),40.426163
235,ARGANZUELA,LEGAZPI,CALLE_DEL_SODIO,"CALLE DEL SODIO, 1 B",1 B,24,Madrid,-3.6911834,POINT(-3.6911834  40.3889853),40.3889853
236,ARGANZUELA,IMPERIAL,PASEO_IMPERIAL,"PASEO IMPERIAL, 20",20,24,Madrid,-3.7171449,POINT(-3.7171449  40.4074236),40.4074236
237,TETUAN,BELLAS_VISTAS,CALLE_DE_FRANCISCO_BALSEIRO,"CALLE DE FRANCISCO BALSEIRO, S/N",S/N,24,Madrid,-3.7105146,POINT(-3.7105146  40.451395),40.451395
238,TETUAN,CUATRO_CAMINOS,CALLE_DE_SAN_GERMAN,"CALLE DE SAN GERMÁN, 5",5,24,Madrid,-3.6932474,POINT(-3.6932474  40.4562183),40.4562183
239,TETUAN,BERRUGUETE,CALLE_DE_FRANCOS_RODRIGUEZ,"CALLE DE FRANCOS RODRIGUEZ, 62",62,24,Madrid,-3.7079276,POINT(-3.7079276  40.4567345),40.4567345
240,SALAMANCA,GUINDALERA,AVENIDA_DE_BRASILIA,"AVENIDA DE BRASILIA, 9",9,24,Madrid,-3.6609886,POINT(-3.6609886  40.4367138),40.4367138
241,SALAMANCA,GUINDALERA,AVENIDA_DE_CAMILO_JOSE_CELA,"AVENIDA DE CAMILO JOSE CELA, 23",23,24,Madrid,-3.6677796,POINT(-3.6677796  40.4377568),40.4377568
242,SALAMANCA,GUINDALERA,AVENIDA_DE_BRUSELAS,"AVENIDA DE BRUSELAS, 56",56,24,Madrid,-3.6629058,POINT(-3.6629058  40.4394662),40.4394662
243,SALAMANCA,GUINDALERA,CALLE_DE_CARTAGENA,"CALLE DE CARTAGENA, 38",38,24,Madrid,-3.6700894,POINT(-3.6700894  40.4351648),40.4351648
244,CHAMBERI,VALLEHERMOSO,CALLE_DE_ISAAC_PERAL,"CALLE DE ISAAC PERAL, 44",44,24,Madrid,-3.7175468,POINT(-3.7175468  40.4398513),40.4398513
245,CHAMBERI,ARAPILES,CALLE_DE_GALILEO,"CALLE DE GALILEO, 63",63,24,Madrid,-3.7101726,POINT(-3.7101726  40.4364656),40.4364656
246,CHAMBERI,TRAFALGAR,CALLE_DE_SANTA_ENGRACIA,"CALLE DE SANTA ENGRACIA, 87",87,24,Madrid,-3.699252,POINT(-3.699252  40.436026),40.436026
247,CHAMBERI,RIOS_ROSAS,CALLE_DE_ZURBANO,"CALLE DE ZURBANO, 90",90,24,Madrid,-3.692843,POINT(-3.692843  40.4383672),40.4383672
248,FUENCARRAL-EL_PARDO,LA_PAZ,CALLE_DE_SINESIO_DELGADO,"CALLE DE SINESIO DELGADO, 2",2,24,Madrid,-3.6878414,POINT(-3.6878414  40.4743243),40.4743243
249,CHAMARTIN,CASTILLA,PASEO_DE_LA_CASTELLANA,"PASEO DE LA CASTELLANA, 298",298,24,Madrid,-3.6852959,POINT(-3.6852959  40.4794159),40.4794159
250,CHAMARTIN,EL_VISO,CALLE_DE_SERRANO,"CALLE DE SERRANO, 113 b",113 b,24,Madrid,-3.6861,POINT(-3.6861  40.4408151),40.4408151
251,CHAMARTIN,PROSPERIDAD,CALLE_DE_SANTA_HORTENSIA,"CALLE DE SANTA HORTENSIA, 31",31,24,Madrid,-3.6668532,POINT(-3.6668532  40.444183),40.444183
252,CHAMARTIN,CASTILLA,CALLE_DE_RODRIGUEZ_JAEN,"CALLE DE RODRIGUEZ JAEN, S/N",S/N,24,Madrid,-3.6839094,POINT(-3.6839094  40.4715645),40.4715645
253,CHAMARTIN,HISPANOAMERICA,CALLE_DEL_DOCTOR_FLEMING,"CALLE DEL DOCTOR FLEMING, 7",7,24,Madrid,-3.688443,POINT(-3.688443  40.455606),40.455606
254,CHAMARTIN,NUEVA_ESPANA,AVENIDA_DE_PIO_XII,"AVENIDA DE PIO XII, 3",3,24,Madrid,-3.6765549,POINT(-3.6765549  40.4610436),40.4610436
255,CHAMARTIN,NUEVA_ESPANA,CALLE_DEL_GENERAL_LOPEZ_POZAS,"CALLE DEL GENERAL LOPEZ POZAS, 2",2,24,Madrid,-3.6851815,POINT(-3.6851815  40.4637286),40.4637286
256,MONCLOA-ARAVACA,CIUDAD_UNIVERSITARIA,CALLE_DE_BEATRIZ_DE_BOBADILLA,"CALLE DE BEATRIZ DE BOBADILLA, 2",2,24,Madrid,-3.7138353,POINT(-3.7138353  40.4463599),40.4463599
257,MONCLOA-ARAVACA,CIUDAD_UNIVERSITARIA,AVENIDA_DE_JUAN_DE_HERRERA,"AVENIDA DE JUAN DE HERRERA, 1",1,24,Madrid,-3.73029,POINT(-3.73029  40.438804),40.438804
258,MONCLOA-ARAVACA,CIUDAD_UNIVERSITARIA,AVENIDA_COMPLUTENSE,"AVENIDA COMPLUTENSE, 14",14,24,Madrid,-3.7273004,POINT(-3.7273004  40.449019),40.449019
259,MONCLOA-ARAVACA,CIUDAD_UNIVERSITARIA,PLAZA_DE_RAMON_Y_CAJAL,"PLAZA DE RAMON Y CAJAL, S/N",S/N,24,Madrid,-3.727031,POINT(-3.727031  40.4444176),40.4444176
260,MONCLOA-ARAVACA,CIUDAD_UNIVERSITARIA,CALLE_DE_JOSE_ANTONIO_NOVAIS,"CALLE DE JOSE ANTONIO NOVAIS, S/N",S/N,24,Madrid,-3.7272637,POINT(-3.7272637  40.4482316),40.4482316
261,MONCLOA-ARAVACA,CIUDAD_UNIVERSITARIA,AVENIDA_COMPLUTENSE,"AVENIDA COMPLUTENSE, 7",7,24,Madrid,-3.7292576,POINT(-3.7292576  40.4505032),40.4505032
